# Blender 4.1.1
# www.blender.org
mtllib Title.mtl
o テキスト.001
v -19.200907 -5.807428 3.638906
v -16.588778 -5.807428 3.602532
v -16.586758 -10.408883 3.747504
v -19.259638 -10.408883 3.784725
v -19.259897 -9.815146 3.766018
v -17.248489 -9.815146 3.738009
v -17.249117 -8.384783 3.692945
v -19.132284 -8.384783 3.719168
v -19.132544 -7.791046 3.700462
v -17.249376 -7.791046 3.674238
v -17.249987 -6.401164 3.630449
v -19.200647 -6.401164 3.657612
v 12.470448 5.507293 2.841331
v 10.464832 7.686574 2.800586
v 11.288296 7.686574 2.789119
v 13.226381 5.581510 2.828466
v 13.225458 7.686574 2.762144
v 13.886929 7.686574 2.752933
v 13.888947 3.085119 2.897905
v 13.227477 3.085119 2.907116
v 13.226480 5.358859 2.835480
v 10.885332 3.085119 2.939731
v 9.974123 3.085119 2.952420
v 8.790908 7.686574 2.823895
v 9.452378 7.686574 2.814684
v 9.454397 3.085119 2.959657
v 8.792927 3.085119 2.968868
v 5.584918 7.423441 2.876831
v 5.666438 7.475168 2.874066
v 5.748993 7.522397 2.871428
v 5.832486 7.565128 2.868919
v 5.916824 7.603361 2.866540
v 6.001915 7.637096 2.864292
v 6.087664 7.666333 2.862176
v 6.173978 7.691072 2.860195
v 6.260761 7.711314 2.858348
v 6.347922 7.727057 2.856639
v 6.435367 7.738302 2.855067
v 6.523000 7.745049 2.853634
v 6.610730 7.747297 2.852341
v 6.815464 7.737439 2.849801
v 7.007197 7.708346 2.848048
v 7.185019 7.660746 2.847072
v 7.348013 7.595365 2.846862
v 7.495265 7.512929 2.847409
v 7.625862 7.414164 2.848703
v 7.738887 7.299797 2.850733
v 7.833427 7.170554 2.853489
v 7.908569 7.027161 2.856961
v 7.963397 6.870344 2.861140
v 7.996997 6.700829 2.866014
v 8.008455 6.519343 2.871573
v 7.969405 6.226801 2.881335
v 7.861200 5.975397 2.890764
v 7.697670 5.758197 2.899886
v 7.492645 5.568265 2.908726
v 7.259957 5.398669 2.917310
v 7.013435 5.242473 2.925665
v 6.766910 5.092742 2.933816
v 6.534213 4.942543 2.941790
v 6.329174 4.784941 2.949611
v 6.165624 4.613002 2.957307
v 6.057393 4.419791 2.964902
v 6.018313 4.198375 2.972424
v 6.023288 4.133099 2.974412
v 6.038246 4.066370 2.976306
v 6.063328 3.999549 2.978062
v 6.098676 3.933992 2.979636
v 6.144428 3.871059 2.980982
v 6.200726 3.812109 2.982056
v 6.267706 3.758500 2.982812
v 6.345512 3.711591 2.983207
v 6.434283 3.672741 2.983195
v 6.534159 3.643309 2.982732
v 6.645280 3.624653 2.981772
v 6.767785 3.618132 2.980272
v 6.880242 3.623029 2.978552
v 6.991360 3.637624 2.976544
v 7.100926 3.661777 2.974258
v 7.208731 3.695348 2.971699
v 7.314563 3.738196 2.968875
v 7.418211 3.790181 2.965793
v 7.519465 3.851161 2.962461
v 7.618114 3.920998 2.958887
v 7.713947 3.999549 2.955077
v 7.806752 4.086674 2.951040
v 7.896319 4.182233 2.946781
v 7.982436 4.286086 2.942309
v 7.982803 3.449457 2.968668
v 7.886186 3.380148 2.972198
v 7.788464 3.317235 2.975541
v 7.689381 3.260647 2.978704
v 7.588677 3.210314 2.981692
v 7.486095 3.166165 2.984512
v 7.381378 3.128131 2.987169
v 7.274269 3.096142 2.989668
v 7.164507 3.070126 2.992016
v 7.051837 3.050014 2.994219
v 6.936002 3.035735 2.996282
v 6.816741 3.027219 2.998211
v 6.693798 3.024396 3.000012
v 6.512458 3.035169 3.002198
v 6.340483 3.066721 3.003598
v 6.179093 3.117905 3.004233
v 6.029507 3.187574 3.004120
v 5.892943 3.274578 3.003280
v 5.770622 3.377770 3.001732
v 5.663763 3.496003 2.999494
v 5.573584 3.628128 2.996586
v 5.501306 3.772997 2.993028
v 5.448146 3.929463 2.988837
v 5.415324 4.096377 2.984035
v 5.404059 4.272592 2.978639
v 5.443089 4.609208 2.967488
v 5.551281 4.892504 2.957054
v 5.714802 5.130726 2.947270
v 5.919821 5.332120 2.938069
v 6.152509 5.504934 2.929383
v 6.399032 5.657413 2.921145
v 6.645561 5.797804 2.913288
v 6.878265 5.934353 2.905745
v 7.083311 6.075306 2.898448
v 7.246870 6.228909 2.891330
v 7.355108 6.403410 2.884324
v 7.394195 6.607054 2.877362
v 7.387938 6.685839 2.874967
v 7.369660 6.759986 2.872885
v 7.339994 6.829073 2.871121
v 7.299574 6.892677 2.869680
v 7.249032 6.950378 2.868565
v 7.189000 7.001754 2.867782
v 7.120112 7.046382 2.867335
v 7.043002 7.083842 2.867229
v 6.958301 7.113712 2.867467
v 6.866643 7.135570 2.868054
v 6.768661 7.148993 2.868996
v 6.664988 7.153561 2.870295
v 6.585993 7.151222 2.871469
v 6.504375 7.143847 2.872838
v 6.420322 7.130896 2.874417
v 6.334023 7.111830 2.876219
v 6.245662 7.086111 2.878260
v 6.155431 7.053200 2.880554
v 6.063515 7.012558 2.883114
v 5.970103 6.963646 2.885956
v 5.875382 6.905925 2.889094
v 5.779541 6.838858 2.892542
v 5.682767 6.761904 2.896315
v 5.585247 6.674524 2.900426
v 0.812768 7.686574 2.934992
v 1.474238 7.686574 2.925781
v 1.475413 5.008015 3.010171
v 1.476659 4.902035 3.013493
v 1.480597 4.800014 3.016653
v 1.487676 4.701975 3.019644
v 1.498337 4.607943 3.022459
v 1.513028 4.517940 3.025090
v 1.532194 4.431990 3.027532
v 1.556279 4.350116 3.029777
v 1.585731 4.272342 3.031817
v 1.620992 4.198691 3.033647
v 1.662509 4.129187 3.035259
v 1.710727 4.063852 3.036647
v 1.766091 4.002711 3.037802
v 1.821650 3.951473 3.038643
v 1.883629 3.902600 3.039320
v 1.951982 3.856491 3.039821
v 2.026662 3.813545 3.040135
v 2.107620 3.774161 3.040249
v 2.194811 3.738735 3.040151
v 2.288189 3.707667 3.039829
v 2.387703 3.681354 3.039273
v 2.493309 3.660196 3.038469
v 2.604959 3.644589 3.037406
v 2.722607 3.634933 3.036072
v 2.846206 3.631626 3.034455
v 2.944355 3.634301 3.033004
v 3.039692 3.642340 3.031423
v 3.132212 3.655768 3.029712
v 3.221919 3.674607 3.027869
v 3.308811 3.698882 3.025894
v 3.392888 3.728615 3.023786
v 3.474150 3.763830 3.021545
v 3.552597 3.804550 3.019170
v 3.628229 3.850799 3.016659
v 3.701047 3.902600 3.014013
v 3.771050 3.959977 3.011230
v 3.838239 4.022953 3.008310
v 3.887615 4.075554 3.005965
v 3.931343 4.129467 3.003657
v 3.969680 4.185724 3.001350
v 4.002882 4.245354 2.999009
v 4.031209 4.309388 2.996596
v 4.054915 4.378857 2.994077
v 4.074260 4.454792 2.991415
v 4.089500 4.538223 2.988574
v 4.100892 4.630182 2.985517
v 4.108696 4.731700 2.982209
v 4.113166 4.843806 2.978615
v 4.114561 4.967533 2.974696
v 4.113368 7.686574 2.889031
v 4.774838 7.686574 2.879820
v 4.776093 4.825846 2.969949
v 4.757070 4.526775 2.979638
v 4.701846 4.256661 2.988919
v 4.613612 4.014940 2.997765
v 4.495557 3.801051 3.006149
v 4.350863 3.614431 3.014045
v 4.182722 3.454517 3.021425
v 3.994321 3.320749 3.028264
v 3.788846 3.212562 3.034534
v 3.569487 3.129396 3.040210
v 3.339428 3.070688 3.045263
v 3.101861 3.035875 3.049668
v 2.859971 3.024396 3.053399
v 2.531889 3.039651 3.057486
v 2.232691 3.084588 3.060237
v 1.962307 3.157966 3.061690
v 1.720669 3.258542 3.061885
v 1.507706 3.385076 3.060863
v 1.323346 3.536325 3.058664
v 1.167523 3.711048 3.055328
v 1.040165 3.908004 3.050895
v 0.941202 4.125950 3.045405
v 0.870565 4.363645 3.038899
v 0.828186 4.619847 3.031416
v 0.813993 4.893315 3.022996
v -1.514921 5.507293 3.036078
v -3.520536 7.686574 2.995334
v -2.697073 7.686574 2.983867
v -0.758987 5.581510 3.023213
v -0.759912 7.686574 2.956892
v -0.098441 7.686574 2.947681
v -0.096422 3.085119 3.092653
v -0.757893 3.085119 3.101864
v -0.758890 5.358859 3.030228
v -3.100037 3.085119 3.134479
v -4.011246 3.085119 3.147167
v -7.138372 7.686574 3.045712
v -4.526241 7.686574 3.009338
v -4.524223 3.085119 3.154311
v -7.197102 3.085119 3.191531
v -7.197363 3.678855 3.172825
v -5.185955 3.678855 3.144816
v -5.186583 5.109220 3.099751
v -7.069748 5.109220 3.125974
v -7.070007 5.702956 3.107268
v -5.186842 5.702956 3.081045
v -5.187452 7.092838 3.037255
v -7.138113 7.092838 3.064419
v -7.927677 6.748741 3.086257
v -7.927927 6.675653 3.088563
v -7.928740 6.604836 3.090806
v -7.930115 6.536316 3.092984
v -7.932055 6.470115 3.095098
v -7.934557 6.406256 3.097145
v -7.937624 6.344764 3.099125
v -7.941254 6.285662 3.101038
v -7.945446 6.228971 3.102883
v -7.950205 6.174719 3.104659
v -7.955524 6.122925 3.106365
v -7.961407 6.073615 3.108001
v -7.967859 6.026812 3.109565
v -8.136091 4.866327 3.148477
v -8.146210 4.795601 3.150847
v -8.156498 4.731762 3.153002
v -8.167118 4.674671 3.154949
v -8.178230 4.624185 3.156694
v -8.190004 4.580166 3.158245
v -8.202600 4.542471 3.159609
v -8.216183 4.510962 3.160791
v -8.230917 4.485497 3.161798
v -8.246967 4.465935 3.162638
v -8.264494 4.452137 3.163317
v -8.283667 4.443961 3.163842
v -8.304647 4.441267 3.164219
v -8.325628 4.443961 3.164426
v -8.344805 4.452137 3.164435
v -8.362347 4.465935 3.164245
v -8.378412 4.485497 3.163852
v -8.393169 4.510962 3.163255
v -8.406778 4.542471 3.162452
v -8.419409 4.580166 3.161440
v -8.431221 4.624185 3.160217
v -8.442381 4.674671 3.158782
v -8.453049 4.731762 3.157131
v -8.463390 4.795601 3.155263
v -8.473577 4.866327 3.153177
v -8.642828 6.026812 3.118964
v -8.649317 6.073615 3.117580
v -8.655245 6.122926 3.116109
v -8.660612 6.174719 3.114551
v -8.665417 6.228972 3.112908
v -8.669659 6.285662 3.111181
v -8.673342 6.344765 3.109370
v -8.676462 6.406257 3.107476
v -8.679022 6.470115 3.105499
v -8.681019 6.536316 3.103441
v -8.682455 6.604836 3.101302
v -8.683329 6.675653 3.099082
v -8.683643 6.748741 3.096783
v -8.681171 6.908705 3.091708
v -8.673588 7.054636 3.087004
v -8.660841 7.186558 3.082669
v -8.642887 7.304493 3.078703
v -8.619673 7.408467 3.075104
v -8.591160 7.498501 3.071869
v -8.557299 7.574620 3.068999
v -8.518038 7.636846 3.066491
v -8.473335 7.685204 3.064345
v -8.423141 7.719715 3.062559
v -8.367411 7.740405 3.061131
v -8.306097 7.747297 3.060060
v -8.244778 7.740406 3.059423
v -8.189028 7.719716 3.059299
v -8.138805 7.685204 3.059687
v -8.094059 7.636847 3.060587
v -8.054747 7.574621 3.062001
v -8.020815 7.498502 3.063927
v -7.992222 7.408468 3.066366
v -7.968920 7.304494 3.069318
v -7.950859 7.186559 3.072783
v -7.937998 7.054637 3.076761
v -7.930285 6.908706 3.081252
v -8.311131 3.834036 3.183444
v -8.256369 3.830323 3.182798
v -8.203785 3.819512 3.182407
v -8.153870 3.802094 3.182261
v -8.107117 3.778561 3.182351
v -8.064014 3.749406 3.182670
v -8.025061 3.715121 3.183208
v -7.990744 3.676196 3.183956
v -7.961559 3.633126 3.184907
v -7.937996 3.586401 3.186052
v -7.920549 3.536512 3.187381
v -7.909712 3.483954 3.188886
v -7.905972 3.429216 3.190559
v -7.909662 3.374479 3.192335
v -7.920454 3.321920 3.194142
v -7.937857 3.272032 3.195956
v -7.961378 3.225307 3.197756
v -7.990524 3.182236 3.199519
v -8.024807 3.143312 3.201223
v -8.063732 3.109027 3.202845
v -8.106808 3.079872 3.204364
v -8.153540 3.056339 3.205756
v -8.203440 3.038921 3.207000
v -8.256016 3.028110 3.208073
v -8.310776 3.024396 3.208952
v -8.365536 3.028109 3.209598
v -8.418119 3.038921 3.209990
v -8.468035 3.056339 3.210136
v -8.514790 3.079872 3.210045
v -8.557890 3.109027 3.209727
v -8.596844 3.143312 3.209189
v -8.631161 3.182236 3.208440
v -8.660345 3.225307 3.207489
v -8.683908 3.272032 3.206345
v -8.701355 3.321920 3.205016
v -8.712194 3.374479 3.203510
v -8.715935 3.429216 3.201838
v -8.712246 3.483954 3.200061
v -8.701452 3.536512 3.198255
v -8.684050 3.586401 3.196440
v -8.660528 3.633126 3.194640
v -8.631382 3.676196 3.192877
v -8.597099 3.715120 3.191173
v -8.558174 3.749406 3.189551
v -8.515100 3.778561 3.188032
v -8.468367 3.802094 3.186640
v -8.418467 3.819511 3.185396
v -8.365891 3.830323 3.184324
v -9.756844 6.748741 3.111728
v -9.757093 6.675653 3.114034
v -9.757906 6.604836 3.116277
v -9.759281 6.536316 3.118456
v -9.761221 6.470115 3.120569
v -9.763723 6.406256 3.122616
v -9.766790 6.344764 3.124596
v -9.770420 6.285662 3.126509
v -9.774612 6.228971 3.128354
v -9.779371 6.174719 3.130130
v -9.784691 6.122925 3.131836
v -9.790575 6.073615 3.133472
v -9.797026 6.026812 3.135037
v -9.965258 4.866327 3.173949
v -9.975376 4.795601 3.176318
v -9.985666 4.731762 3.178473
v -9.996284 4.674671 3.180420
v -10.007397 4.624185 3.182166
v -10.019171 4.580166 3.183717
v -10.031767 4.542471 3.185080
v -10.045351 4.510962 3.186262
v -10.060085 4.485497 3.187270
v -10.076134 4.465935 3.188109
v -10.093660 4.452137 3.188788
v -10.112833 4.443961 3.189313
v -10.133814 4.441267 3.189690
v -10.154797 4.443961 3.189897
v -10.173971 4.452137 3.189907
v -10.191515 4.465935 3.189716
v -10.207579 4.485497 3.189323
v -10.222336 4.510962 3.188726
v -10.235947 4.542471 3.187923
v -10.248577 4.580166 3.186911
v -10.260387 4.624185 3.185688
v -10.271547 4.674671 3.184253
v -10.282215 4.731762 3.182602
v -10.292557 4.795601 3.180735
v -10.302744 4.866327 3.178648
v -10.471994 6.026812 3.144436
v -10.478483 6.073615 3.143051
v -10.484411 6.122926 3.141580
v -10.489779 6.174719 3.140023
v -10.494583 6.228972 3.138380
v -10.498825 6.285662 3.136652
v -10.502508 6.344765 3.134841
v -10.505629 6.406257 3.132947
v -10.508188 6.470115 3.130970
v -10.510185 6.536316 3.128912
v -10.511621 6.604836 3.126773
v -10.512495 6.675653 3.124553
v -10.512810 6.748741 3.122255
v -10.510340 6.908705 3.117180
v -10.502756 7.054636 3.112475
v -10.490007 7.186558 3.108141
v -10.472054 7.304493 3.104174
v -10.448841 7.408467 3.100575
v -10.420328 7.498501 3.097341
v -10.386465 7.574620 3.094470
v -10.347204 7.636846 3.091963
v -10.302502 7.685204 3.089817
v -10.252308 7.719715 3.088030
v -10.196577 7.740405 3.086602
v -10.135263 7.747297 3.085531
v -10.073944 7.740406 3.084894
v -10.018196 7.719716 3.084770
v -9.967972 7.685204 3.085158
v -9.923225 7.636847 3.086059
v -9.883913 7.574621 3.087472
v -9.849981 7.498502 3.089398
v -9.821388 7.408468 3.091837
v -9.798088 7.304494 3.094789
v -9.780025 7.186559 3.098254
v -9.767164 7.054637 3.102232
v -9.759451 6.908706 3.106723
v -10.140297 3.834036 3.208915
v -10.085535 3.830323 3.208270
v -10.032951 3.819512 3.207878
v -9.983036 3.802094 3.207732
v -9.936283 3.778561 3.207823
v -9.893183 3.749406 3.208141
v -9.854227 3.715121 3.208679
v -9.819910 3.676196 3.209428
v -9.790726 3.633126 3.210379
v -9.767162 3.586401 3.211523
v -9.749718 3.536512 3.212852
v -9.738878 3.483954 3.214357
v -9.735138 3.429216 3.216030
v -9.738829 3.374479 3.217806
v -9.749620 3.321920 3.219613
v -9.767023 3.272032 3.221427
v -9.790545 3.225307 3.223227
v -9.819693 3.182236 3.224990
v -9.853973 3.143312 3.226694
v -9.892899 3.109027 3.228317
v -9.935974 3.079872 3.229835
v -9.982706 3.056339 3.231228
v -10.032606 3.038921 3.232471
v -10.085182 3.028110 3.233544
v -10.139942 3.024396 3.234424
v -10.194704 3.028109 3.235069
v -10.247286 3.038921 3.235461
v -10.297201 3.056339 3.235607
v -10.343956 3.079872 3.235517
v -10.387056 3.109027 3.235198
v -10.426010 3.143312 3.234660
v -10.460327 3.182236 3.233911
v -10.489511 3.225307 3.232960
v -10.513075 3.272032 3.231816
v -10.530521 3.321920 3.230487
v -10.541361 3.374479 3.228982
v -10.545101 3.429216 3.227309
v -10.541412 3.483954 3.225533
v -10.530621 3.536512 3.223726
v -10.513216 3.586401 3.221912
v -10.489695 3.633126 3.220112
v -10.460548 3.676196 3.218349
v -10.426266 3.715120 3.216645
v -10.387342 3.749406 3.215022
v -10.344267 3.778561 3.213504
v -10.297533 3.802094 3.212111
v -10.247633 3.819511 3.210868
v -10.195057 3.830323 3.209795
v -11.586010 6.748741 3.137199
v -11.586260 6.675653 3.139506
v -11.587072 6.604836 3.141749
v -11.588449 6.536316 3.143927
v -11.590389 6.470115 3.146040
v -11.592892 6.406256 3.148087
v -11.595957 6.344764 3.150068
v -11.599586 6.285662 3.151981
v -11.603781 6.228971 3.153826
v -11.608538 6.174719 3.155602
v -11.613857 6.122925 3.157308
v -11.619741 6.073615 3.158943
v -11.626192 6.026812 3.160508
v -11.794424 4.866327 3.199420
v -11.804544 4.795601 3.201789
v -11.814833 4.731762 3.203944
v -11.825451 4.674671 3.205891
v -11.836565 4.624185 3.207637
v -11.848337 4.580166 3.209188
v -11.860933 4.542471 3.210551
v -11.874517 4.510962 3.211733
v -11.889252 4.485497 3.212741
v -11.905300 4.465935 3.213581
v -11.922827 4.452137 3.214260
v -11.941999 4.443961 3.214784
v -11.962980 4.441267 3.215161
v -11.983963 4.443961 3.215369
v -12.003139 4.452137 3.215378
v -12.020681 4.465935 3.215188
v -12.036745 4.485497 3.214795
v -12.051502 4.510962 3.214198
v -12.065113 4.542471 3.213394
v -12.077744 4.580166 3.212383
v -12.089556 4.624185 3.211160
v -12.100714 4.674671 3.209724
v -12.111382 4.731762 3.208074
v -12.121725 4.795601 3.206206
v -12.131910 4.866327 3.204119
v -12.301161 6.026812 3.169907
v -12.307650 6.073615 3.168523
v -12.313580 6.122926 3.167051
v -12.318947 6.174719 3.165494
v -12.323750 6.228972 3.163851
v -12.327993 6.285662 3.162124
v -12.331676 6.344765 3.160313
v -12.334795 6.406257 3.158418
v -12.337355 6.470115 3.156442
v -12.339352 6.536316 3.154383
v -12.340790 6.604836 3.152244
v -12.341663 6.675653 3.150025
v -12.341976 6.748741 3.147726
v -12.339506 6.908705 3.142651
v -12.331923 7.054636 3.137947
v -12.319174 7.186558 3.133612
v -12.301220 7.304493 3.129646
v -12.278008 7.408467 3.126046
v -12.249495 7.498501 3.122812
v -12.215631 7.574620 3.119942
v -12.176371 7.636846 3.117434
v -12.131668 7.685204 3.115288
v -12.081474 7.719715 3.113501
v -12.025745 7.740405 3.112073
v -11.964430 7.747297 3.111002
v -11.903111 7.740406 3.110366
v -11.847363 7.719716 3.110241
v -11.797138 7.685204 3.110630
v -11.752394 7.636847 3.111530
v -11.713079 7.574621 3.112944
v -11.679148 7.498502 3.114870
v -11.650555 7.408468 3.117309
v -11.627254 7.304494 3.120261
v -11.609194 7.186559 3.123726
v -11.596331 7.054637 3.127703
v -11.588617 6.908706 3.132195
v -11.969463 3.834036 3.234387
v -11.914701 3.830323 3.233741
v -11.862118 3.819512 3.233350
v -11.812202 3.802094 3.233203
v -11.765450 3.778561 3.233294
v -11.722349 3.749406 3.233613
v -11.683393 3.715121 3.234150
v -11.649078 3.676196 3.234899
v -11.619892 3.633126 3.235850
v -11.596331 3.586401 3.236994
v -11.578884 3.536512 3.238323
v -11.568045 3.483954 3.239829
v -11.564304 3.429216 3.241501
v -11.567995 3.374479 3.243278
v -11.578787 3.321920 3.245084
v -11.596191 3.272032 3.246899
v -11.619711 3.225307 3.248698
v -11.648859 3.182236 3.250462
v -11.683142 3.143312 3.252166
v -11.722065 3.109027 3.253788
v -11.765141 3.079872 3.255307
v -11.811874 3.056339 3.256699
v -11.861774 3.038921 3.257943
v -11.914349 3.028110 3.259016
v -11.969109 3.024396 3.259895
v -12.023870 3.028109 3.260540
v -12.076452 3.038921 3.260932
v -12.126368 3.056339 3.261078
v -12.173124 3.079872 3.260988
v -12.216223 3.109027 3.260669
v -12.255177 3.143312 3.260131
v -12.289494 3.182236 3.259383
v -12.318680 3.225307 3.258432
v -12.342241 3.272032 3.257288
v -12.359688 3.321920 3.255958
v -12.370529 3.374479 3.254453
v -12.374269 3.429216 3.252780
v -12.370579 3.483954 3.251004
v -12.359787 3.536512 3.249197
v -12.342382 3.586401 3.247383
v -12.318861 3.633126 3.245583
v -12.289715 3.676196 3.243820
v -12.255432 3.715120 3.242116
v -12.216509 3.749406 3.240494
v -12.173433 3.778561 3.238975
v -12.126699 3.802094 3.237583
v -12.076799 3.819511 3.236339
v -12.024223 3.830323 3.235266
v -13.415178 6.748741 3.162671
v -13.415426 6.675653 3.164977
v -13.416239 6.604836 3.167220
v -13.417614 6.536316 3.169398
v -13.419556 6.470115 3.171512
v -13.422056 6.406256 3.173559
v -13.425123 6.344764 3.175539
v -13.428753 6.285662 3.177452
v -13.432947 6.228971 3.179297
v -13.437706 6.174719 3.181073
v -13.443026 6.122925 3.182779
v -13.448910 6.073615 3.184415
v -13.455360 6.026812 3.185979
v -13.623594 4.866327 3.224891
v -13.633713 4.795601 3.227261
v -13.644001 4.731762 3.229416
v -13.654619 4.674671 3.231363
v -13.665733 4.624185 3.233108
v -13.677505 4.580166 3.234659
v -13.690102 4.542471 3.236023
v -13.703688 4.510962 3.237205
v -13.718420 4.485497 3.238212
v -13.734468 4.465935 3.239052
v -13.751995 4.452137 3.239731
v -13.771170 4.443961 3.240256
v -13.792149 4.441267 3.240633
v -13.813129 4.443961 3.240840
v -13.832308 4.452137 3.240849
v -13.849850 4.465935 3.240659
v -13.865913 4.485497 3.240266
v -13.880669 4.510962 3.239669
v -13.894281 4.542471 3.238866
v -13.906912 4.580166 3.237854
v -13.918724 4.624185 3.236631
v -13.929882 4.674671 3.235196
v -13.940550 4.731762 3.233545
v -13.950893 4.795601 3.231678
v -13.961077 4.866327 3.229591
v -14.130329 6.026812 3.195379
v -14.136816 6.073615 3.193994
v -14.142746 6.122926 3.192523
v -14.148111 6.174719 3.190965
v -14.152916 6.228972 3.189322
v -14.157162 6.285662 3.187595
v -14.160845 6.344765 3.185784
v -14.163963 6.406257 3.183890
v -14.166521 6.470115 3.181913
v -14.168520 6.536316 3.179855
v -14.169958 6.604836 3.177716
v -14.170832 6.675653 3.175496
v -14.171144 6.748741 3.173198
v -14.168673 6.908705 3.168122
v -14.161091 7.054636 3.163418
v -14.148344 7.186558 3.159084
v -14.130390 7.304493 3.155117
v -14.107178 7.408467 3.151517
v -14.078663 7.498501 3.148283
v -14.044800 7.574620 3.145413
v -14.005539 7.636846 3.142905
v -13.960835 7.685204 3.140759
v -13.910641 7.719715 3.138973
v -13.854914 7.740405 3.137545
v -13.793598 7.747297 3.136474
v -13.732279 7.740406 3.135837
v -13.676527 7.719716 3.135713
v -13.626303 7.685204 3.136101
v -13.581558 7.636847 3.137002
v -13.542244 7.574621 3.138415
v -13.508312 7.498502 3.140341
v -13.479717 7.408468 3.142780
v -13.456415 7.304494 3.145732
v -13.438354 7.186559 3.149197
v -13.425495 7.054637 3.153175
v -13.417782 6.908706 3.157666
v -13.798632 3.834036 3.259858
v -13.743870 3.830323 3.259212
v -13.691286 3.819512 3.258821
v -13.641369 3.802094 3.258675
v -13.594616 3.778561 3.258765
v -13.551514 3.749406 3.259084
v -13.512558 3.715121 3.259622
v -13.478241 3.676196 3.260370
v -13.449057 3.633126 3.261321
v -13.425491 3.586401 3.262465
v -13.408045 3.536512 3.263795
v -13.397205 3.483954 3.265300
v -13.393473 3.429216 3.266973
v -13.397163 3.374479 3.268749
v -13.407957 3.321920 3.270556
v -13.425362 3.272032 3.272370
v -13.448883 3.225307 3.274170
v -13.478029 3.182236 3.275933
v -13.512312 3.143312 3.277637
v -13.551239 3.109027 3.279259
v -13.594316 3.079872 3.280778
v -13.641047 3.056339 3.282170
v -13.690948 3.038921 3.283414
v -13.743526 3.028110 3.284487
v -13.798277 3.024396 3.285367
v -13.853039 3.028109 3.286012
v -13.905622 3.038921 3.286404
v -13.955540 3.056339 3.286550
v -14.002295 3.079872 3.286459
v -14.045395 3.109027 3.286141
v -14.084351 3.143312 3.285603
v -14.118668 3.182236 3.284854
v -14.147852 3.225307 3.283903
v -14.171417 3.272032 3.282759
v -14.188862 3.321920 3.281430
v -14.199705 3.374479 3.279925
v -14.203436 3.429216 3.278252
v -14.199747 3.483954 3.276475
v -14.188951 3.536512 3.274669
v -14.171547 3.586401 3.272854
v -14.148026 3.633126 3.271055
v -14.118877 3.676196 3.269291
v -14.084597 3.715120 3.267587
v -14.045670 3.749406 3.265965
v -14.002594 3.778561 3.264446
v -13.955862 3.802094 3.263054
v -13.905960 3.819511 3.261810
v -13.853382 3.830323 3.260737
v 13.926597 -5.807428 3.177602
v 13.928616 -10.408883 3.322575
v 13.267145 -10.408883 3.331786
v 13.266272 -8.418517 3.269078
v 12.577803 -8.418517 3.278665
v 12.323223 -8.406948 3.281845
v 12.092493 -8.373194 3.283994
v 11.885283 -8.318683 3.285162
v 11.701266 -8.244844 3.285398
v 11.540116 -8.153108 3.284751
v 11.401505 -8.044902 3.283271
v 11.285105 -7.921656 3.281008
v 11.190588 -7.784799 3.278012
v 11.117628 -7.635759 3.274331
v 11.065896 -7.475967 3.270016
v 11.035066 -7.306850 3.265117
v 11.024808 -7.129840 3.259681
v 11.034342 -6.950747 3.253905
v 11.063309 -6.778872 3.248086
v 11.112012 -6.615803 3.242269
v 11.180758 -6.463137 3.236501
v 11.269853 -6.322464 3.230827
v 11.379601 -6.195380 3.225294
v 11.510307 -6.083477 3.219948
v 11.662277 -5.988348 3.214834
v 11.835818 -5.911585 3.209999
v 12.031234 -5.854781 3.205487
v 12.248830 -5.819531 3.201346
v 12.488912 -5.807428 3.197622
v 13.265387 -6.401164 3.205519
v 12.489172 -6.401164 3.216328
v 12.347576 -6.408528 3.218532
v 12.222603 -6.429714 3.220940
v 12.113431 -6.463363 3.223520
v 12.019240 -6.508117 3.226242
v 11.939209 -6.562616 3.229074
v 11.872517 -6.625503 3.231984
v 11.818343 -6.695416 3.234942
v 11.775867 -6.771000 3.237915
v 11.744267 -6.850894 3.240873
v 11.722721 -6.933740 3.243783
v 11.710411 -7.018179 3.246616
v 11.706515 -7.102853 3.249338
v 11.713091 -7.213436 3.252731
v 11.732388 -7.315633 3.255683
v 11.763917 -7.409208 3.258193
v 11.807182 -7.493928 3.260260
v 11.861693 -7.569558 3.261884
v 11.926958 -7.635864 3.263065
v 12.002483 -7.692614 3.263801
v 12.087777 -7.739569 3.264093
v 12.182348 -7.776498 3.263940
v 12.285703 -7.803165 3.263341
v 12.397349 -7.819337 3.262296
v 12.516795 -7.824781 3.260804
v 13.266011 -7.824781 3.250371
v 8.009132 -10.408883 3.405004
v 8.007803 -7.379479 3.309560
v 8.608526 -7.379479 3.301195
v 8.609476 -9.545267 3.369430
v 8.659679 -9.611741 3.370826
v 8.712246 -9.672804 3.372018
v 8.767015 -9.728385 3.373007
v 8.823818 -9.778413 3.373792
v 8.882496 -9.822819 3.374374
v 8.942882 -9.861532 3.374753
v 9.004810 -9.894483 3.374929
v 9.068121 -9.921599 3.374902
v 9.132647 -9.942813 3.374672
v 9.198225 -9.958053 3.374239
v 9.264690 -9.967247 3.373603
v 9.331881 -9.970327 3.372765
v 9.430588 -9.965302 3.371232
v 9.520832 -9.950368 3.369505
v 9.602587 -9.925735 3.367590
v 9.675830 -9.891613 3.365495
v 9.740539 -9.848214 3.363226
v 9.796688 -9.795749 3.360791
v 9.844257 -9.734429 3.358196
v 9.883221 -9.664464 3.355449
v 9.913556 -9.586065 3.352556
v 9.935240 -9.499443 3.349524
v 9.948249 -9.404809 3.346361
v 9.952559 -9.302375 3.343073
v 9.951715 -7.379479 3.282491
v 10.552439 -7.379479 3.274126
v 10.553265 -9.261893 3.333433
v 10.544491 -9.447232 3.339396
v 10.518579 -9.618422 3.345151
v 10.476395 -9.775086 3.350675
v 10.418808 -9.916852 3.355944
v 10.346684 -10.043343 3.360934
v 10.260888 -10.154183 3.365622
v 10.162290 -10.249001 3.369983
v 10.051754 -10.327419 3.373993
v 9.930151 -10.389064 3.377629
v 9.798344 -10.433559 3.380867
v 9.657202 -10.460530 3.383682
v 9.507591 -10.469606 3.386051
v 9.432308 -10.465999 3.386986
v 9.355310 -10.455362 3.387723
v 9.277139 -10.437980 3.388264
v 9.198331 -10.414130 3.388610
v 9.119427 -10.384097 3.388762
v 9.040964 -10.348160 3.388722
v 8.963486 -10.306600 3.388491
v 8.887527 -10.259698 3.388071
v 8.813628 -10.207737 3.387463
v 8.742329 -10.150996 3.386668
v 8.674169 -10.089758 3.385687
v 8.609687 -10.024303 3.384522
v 8.609856 -10.408883 3.396639
v 5.395755 -7.568396 3.351886
v 5.474495 -7.528050 3.349519
v 5.552183 -7.491336 3.347280
v 5.628887 -7.458230 3.345168
v 5.704680 -7.428708 3.343183
v 5.779631 -7.402746 3.341321
v 5.853808 -7.380322 3.339581
v 5.927285 -7.361412 3.337962
v 6.000132 -7.345993 3.336462
v 6.072415 -7.334042 3.335079
v 6.144209 -7.325533 3.333811
v 6.215584 -7.320446 3.332657
v 6.286605 -7.318756 3.331614
v 6.433874 -7.325159 3.329766
v 6.571540 -7.344120 3.328446
v 6.698994 -7.375262 3.327653
v 6.815625 -7.418213 3.327382
v 6.920824 -7.472595 3.327631
v 7.013981 -7.538034 3.328396
v 7.094487 -7.614158 3.329673
v 7.161734 -7.700588 3.331460
v 7.215109 -7.796952 3.333754
v 7.254006 -7.902874 3.336550
v 7.277813 -8.017979 3.339846
v 7.285921 -8.141891 3.343637
v 7.258116 -8.334075 3.350081
v 7.181085 -8.504261 3.356516
v 7.064672 -8.655190 3.362894
v 6.918722 -8.789602 3.369161
v 6.753078 -8.910240 3.375270
v 6.577588 -9.019844 3.381167
v 6.402093 -9.121154 3.386803
v 6.236439 -9.216912 3.392128
v 6.090471 -9.309859 3.397089
v 5.974032 -9.402736 3.401637
v 5.896969 -9.498283 3.405721
v 5.869124 -9.599243 3.409291
v 5.873272 -9.651110 3.410867
v 5.885292 -9.698760 3.412201
v 5.904623 -9.742194 3.413301
v 5.930701 -9.781411 3.414174
v 5.962965 -9.816412 3.414827
v 6.000852 -9.847195 3.415270
v 6.043799 -9.873761 3.415509
v 6.091244 -9.896111 3.415552
v 6.142625 -9.914243 3.415408
v 6.197379 -9.928159 3.415084
v 6.254943 -9.937858 3.414588
v 6.314755 -9.943340 3.413928
v 6.377845 -9.940661 3.412965
v 6.445432 -9.932595 3.411770
v 6.517235 -9.919093 3.410345
v 6.592974 -9.900109 3.408692
v 6.672366 -9.875597 3.406814
v 6.755130 -9.845509 3.404713
v 6.840986 -9.809798 3.402392
v 6.929651 -9.768418 3.399854
v 7.020845 -9.721322 3.397099
v 7.114287 -9.668463 3.394133
v 7.209694 -9.609794 3.390955
v 7.306786 -9.545267 3.387570
v 7.307070 -10.192980 3.407977
v 7.211225 -10.240943 3.410823
v 7.118962 -10.283751 3.413456
v 7.029651 -10.321594 3.415893
v 6.942657 -10.354657 3.418146
v 6.857350 -10.383129 3.420231
v 6.773095 -10.407197 3.422163
v 6.689260 -10.427048 3.423956
v 6.605212 -10.442868 3.425625
v 6.520319 -10.454847 3.427184
v 6.433947 -10.463172 3.428649
v 6.345465 -10.468030 3.430035
v 6.254239 -10.469606 3.431355
v 6.114058 -10.462261 3.433075
v 5.981019 -10.440650 3.434247
v 5.856084 -10.405404 3.434876
v 5.740213 -10.357156 3.434969
v 5.634367 -10.296538 3.434533
v 5.539508 -10.224184 3.433573
v 5.456595 -10.140725 3.432098
v 5.386593 -10.046795 3.430113
v 5.330461 -9.943024 3.427625
v 5.289158 -9.830047 3.424640
v 5.263649 -9.708495 3.421165
v 5.254893 -9.579001 3.417206
v 5.258735 -9.503390 3.414770
v 5.270639 -9.431224 3.412330
v 5.291078 -9.361727 3.409855
v 5.320515 -9.294128 3.407315
v 5.359421 -9.227654 3.404679
v 5.408265 -9.161531 3.401915
v 5.467514 -9.094986 3.398993
v 5.537638 -9.027246 3.395882
v 5.619103 -8.957540 3.392551
v 5.712380 -8.885091 3.388969
v 5.817937 -8.809128 3.385105
v 5.936239 -8.728879 3.380929
v 6.062697 -8.654310 3.376818
v 6.175822 -8.585505 3.373075
v 6.276060 -8.522041 3.369679
v 6.363854 -8.463497 3.366612
v 6.439651 -8.409451 3.363853
v 6.503896 -8.359481 3.361384
v 6.557033 -8.313166 3.359185
v 6.599508 -8.270083 3.357235
v 6.631766 -8.229813 3.355517
v 6.654253 -8.191932 3.354010
v 6.667412 -8.156017 3.352695
v 6.671690 -8.121650 3.351553
v 6.668478 -8.082191 3.350354
v 6.659031 -8.044933 3.349312
v 6.643587 -8.010113 3.348429
v 6.622379 -7.977963 3.347712
v 6.595640 -7.948718 3.347162
v 6.563607 -7.922613 3.346786
v 6.526513 -7.899881 3.346586
v 6.484592 -7.880757 3.346567
v 6.438079 -7.865475 3.346733
v 6.387209 -7.854269 3.347089
v 6.332216 -7.847374 3.347637
v 6.273336 -7.845023 3.348383
v 6.215727 -7.847010 3.349248
v 6.154439 -7.853050 3.350292
v 6.089732 -7.863261 3.351514
v 6.021862 -7.877759 3.352916
v 5.951088 -7.896661 3.354497
v 5.877668 -7.920084 3.356258
v 5.801860 -7.948145 3.358198
v 5.723921 -7.980963 3.360317
v 5.644109 -8.018653 3.362617
v 5.562681 -8.061334 3.365095
v 5.479897 -8.109121 3.367754
v 5.396015 -8.162132 3.370593
v 3.970797 -5.807428 3.316238
v 4.571519 -5.807428 3.307873
v 4.573538 -10.408883 3.452845
v 3.972816 -10.408883 3.461210
v 3.971862 -8.236348 3.392763
v 3.902431 -8.161105 3.391358
v 3.835649 -8.093756 3.390166
v 3.771075 -8.034044 3.389184
v 3.708262 -7.981712 3.388409
v 3.646765 -7.936502 3.387841
v 3.586138 -7.898155 3.387477
v 3.525935 -7.866416 3.387315
v 3.465712 -7.841024 3.387353
v 3.405024 -7.821724 3.387590
v 3.343422 -7.808258 3.388024
v 3.280465 -7.800366 3.388652
v 3.215703 -7.797793 3.389472
v 3.127452 -7.803760 3.390890
v 3.045158 -7.821345 3.392590
v 2.969151 -7.850082 3.394554
v 2.899757 -7.889503 3.396762
v 2.837305 -7.939137 3.399196
v 2.782123 -7.998517 3.401835
v 2.734537 -8.067174 3.404662
v 2.694878 -8.144640 3.407655
v 2.663471 -8.230446 3.410796
v 2.640647 -8.324123 3.414066
v 2.626730 -8.425203 3.417445
v 2.622053 -8.533216 3.420914
v 2.622876 -10.408883 3.480008
v 2.022153 -10.408883 3.488373
v 2.021338 -8.553458 3.429917
v 2.030229 -8.354832 3.423534
v 2.056420 -8.173845 3.417466
v 2.098933 -8.010429 3.411724
v 2.156780 -7.864514 3.406321
v 2.228978 -7.736028 3.401267
v 2.314543 -7.624901 3.396573
v 2.412490 -7.531064 3.392252
v 2.521833 -7.454446 3.388315
v 2.641591 -7.394976 3.384774
v 2.770778 -7.352585 3.381639
v 2.908409 -7.327201 3.378922
v 3.053500 -7.318756 3.376636
v 3.137812 -7.322243 3.375572
v 3.221748 -7.332593 3.374729
v 3.304940 -7.349645 3.374108
v 3.387010 -7.373232 3.373708
v 3.467583 -7.403192 3.373530
v 3.546282 -7.439359 3.373574
v 3.622734 -7.481570 3.373840
v 3.696565 -7.529662 3.374327
v 3.767398 -7.583469 3.375036
v 3.834859 -7.642830 3.375968
v 3.898572 -7.707579 3.377121
v 3.958161 -7.777553 3.378496
v 3.971661 -7.777553 3.378308
v -2.961025 -6.070561 3.421056
v -2.879505 -6.018834 3.418291
v -2.796953 -5.971605 3.415653
v -2.713459 -5.928874 3.413144
v -2.629120 -5.890641 3.410764
v -2.544029 -5.856907 3.408516
v -2.458281 -5.827669 3.406401
v -2.371969 -5.802930 3.404420
v -2.285183 -5.782689 3.402573
v -2.198023 -5.766947 3.400863
v -2.110577 -5.755702 3.399292
v -2.022943 -5.748954 3.397859
v -1.935215 -5.746705 3.396566
v -1.730480 -5.756564 3.394026
v -1.538747 -5.785657 3.392272
v -1.360926 -5.833257 3.391296
v -1.197931 -5.898638 3.391087
v -1.050679 -5.981073 3.391634
v -0.920084 -6.079838 3.392928
v -0.807057 -6.194205 3.394958
v -0.712517 -6.323448 3.397714
v -0.637376 -6.466842 3.401186
v -0.582547 -6.623659 3.405365
v -0.548947 -6.793173 3.410238
v -0.537489 -6.974659 3.415798
v -0.576538 -7.267201 3.425560
v -0.684743 -7.518605 3.434989
v -0.848273 -7.735806 3.444110
v -1.053297 -7.925736 3.452950
v -1.285985 -8.095333 3.461535
v -1.532507 -8.251529 3.469890
v -1.779032 -8.401259 3.478041
v -2.011728 -8.551458 3.486015
v -2.216766 -8.709061 3.493836
v -2.380318 -8.881000 3.501532
v -2.488548 -9.074211 3.509127
v -2.527630 -9.295629 3.516649
v -2.522657 -9.360904 3.518636
v -2.507700 -9.427632 3.520531
v -2.482616 -9.494454 3.522287
v -2.447269 -9.560011 3.523861
v -2.401516 -9.622943 3.525207
v -2.345219 -9.681893 3.526281
v -2.278238 -9.735502 3.527037
v -2.200434 -9.782412 3.527432
v -2.111662 -9.821260 3.527420
v -2.011789 -9.850693 3.526957
v -1.900667 -9.869349 3.525997
v -1.778160 -9.875870 3.524497
v -1.665703 -9.870974 3.522777
v -1.554585 -9.856379 3.520769
v -1.445019 -9.832225 3.518482
v -1.337214 -9.798655 3.515924
v -1.231382 -9.755807 3.513099
v -1.127734 -9.703822 3.510018
v -1.026481 -9.642841 3.506686
v -0.927832 -9.573005 3.503112
v -0.832000 -9.494454 3.499302
v -0.739194 -9.407329 3.495265
v -0.649626 -9.311769 3.491006
v -0.563507 -9.207917 3.486534
v -0.563140 -10.044545 3.512893
v -0.659759 -10.113854 3.516422
v -0.757480 -10.176768 3.519766
v -0.856565 -10.233356 3.522928
v -0.957269 -10.283689 3.525917
v -1.059851 -10.327837 3.528737
v -1.164567 -10.365871 3.531393
v -1.271677 -10.397861 3.533893
v -1.381437 -10.423877 3.536241
v -1.494107 -10.443990 3.538444
v -1.609943 -10.458267 3.540507
v -1.729204 -10.466784 3.542436
v -1.852144 -10.469606 3.544237
v -2.033485 -10.458834 3.546422
v -2.205462 -10.427280 3.547823
v -2.366852 -10.376097 3.548458
v -2.516438 -10.306428 3.548345
v -2.653002 -10.219424 3.547505
v -2.775322 -10.116232 3.545957
v -2.882183 -9.997999 3.543719
v -2.972363 -9.865874 3.540811
v -3.044640 -9.721005 3.537253
v -3.097799 -9.564540 3.533062
v -3.130623 -9.397625 3.528260
v -3.141886 -9.221411 3.522864
v -3.102858 -8.884794 3.511713
v -2.994665 -8.601500 3.501279
v -2.831144 -8.363276 3.491495
v -2.626125 -8.161882 3.482294
v -2.393440 -7.989068 3.473608
v -2.146915 -7.836589 3.465370
v -1.900387 -7.696198 3.457513
v -1.667685 -7.559649 3.449970
v -1.462639 -7.418696 3.442673
v -1.299081 -7.265093 3.435555
v -1.190842 -7.090592 3.428549
v -1.151751 -6.886948 3.421587
v -1.158008 -6.808163 3.419192
v -1.176286 -6.734016 3.417110
v -1.205953 -6.664930 3.415346
v -1.246372 -6.601326 3.413904
v -1.296915 -6.543625 3.412790
v -1.356947 -6.492249 3.412007
v -1.425835 -6.447620 3.411560
v -1.502945 -6.410161 3.411453
v -1.587646 -6.380291 3.411692
v -1.679304 -6.358434 3.412279
v -1.777285 -6.345010 3.413220
v -1.880957 -6.340441 3.414520
v -1.959951 -6.342780 3.415694
v -2.041571 -6.350156 3.417063
v -2.125626 -6.363107 3.418642
v -2.211924 -6.382173 3.420444
v -2.300283 -6.407891 3.422485
v -2.390514 -6.440804 3.424778
v -2.482431 -6.481445 3.427339
v -2.575842 -6.530357 3.430181
v -2.670563 -6.588078 3.433319
v -2.766407 -6.655146 3.436767
v -2.863180 -6.732100 3.440540
v -2.960697 -6.819478 3.444651
v -3.831852 -5.807428 3.424891
v -3.829832 -10.408883 3.569863
v -4.491302 -10.408883 3.579074
v -4.492176 -8.418517 3.516366
v -5.180645 -8.418517 3.525953
v -5.435225 -8.406948 3.529133
v -5.665955 -8.373194 3.531283
v -5.873165 -8.318683 3.532450
v -6.057182 -8.244844 3.532686
v -6.218332 -8.153108 3.532039
v -6.356945 -8.044902 3.530560
v -6.473343 -7.921656 3.528297
v -6.567862 -7.784799 3.525300
v -6.640821 -7.635759 3.521620
v -6.692554 -7.475967 3.517305
v -6.723385 -7.306850 3.512405
v -6.733641 -7.129840 3.506970
v -6.724108 -6.950747 3.501194
v -6.695141 -6.778872 3.495374
v -6.646439 -6.615803 3.489557
v -6.577692 -6.463137 3.483789
v -6.488596 -6.322464 3.478116
v -6.378847 -6.195380 3.472583
v -6.248140 -6.083477 3.467236
v -6.096169 -5.988348 3.462122
v -5.922630 -5.911585 3.457287
v -5.727215 -5.854781 3.452776
v -5.509619 -5.819531 3.448635
v -5.269537 -5.807428 3.444910
v -4.493061 -6.401164 3.452807
v -5.269276 -6.401164 3.463616
v -5.410872 -6.408528 3.465820
v -5.535845 -6.429714 3.468228
v -5.645018 -6.463363 3.470809
v -5.739208 -6.508117 3.473531
v -5.819241 -6.562616 3.476362
v -5.885931 -6.625503 3.479273
v -5.940105 -6.695416 3.482230
v -5.982582 -6.771000 3.485204
v -6.014183 -6.850894 3.488161
v -6.035727 -6.933740 3.491072
v -6.048038 -7.018179 3.493904
v -6.051933 -7.102853 3.496626
v -6.045357 -7.213436 3.500020
v -6.026060 -7.315633 3.502971
v -5.994532 -7.409208 3.505481
v -5.951267 -7.493928 3.507548
v -5.896755 -7.569558 3.509172
v -5.831490 -7.635864 3.510353
v -5.755966 -7.692614 3.511090
v -5.670671 -7.739569 3.511382
v -5.576101 -7.776498 3.511228
v -5.472748 -7.803165 3.510629
v -5.361101 -7.819337 3.509584
v -5.241653 -7.824781 3.508093
v -4.492437 -7.824781 3.497660
v -9.245119 -5.780439 3.499420
v -8.779390 -5.780439 3.492935
v -6.799698 -10.408883 3.611218
v -7.474669 -10.408883 3.620618
v -8.055738 -9.052736 3.585974
v -10.013149 -9.052736 3.613231
v -10.626778 -10.408883 3.664511
v -11.301746 -10.408883 3.673910
v -9.001686 -6.792490 3.527922
v -9.743423 -8.459000 3.590766
v -8.312487 -8.459000 3.570840
v -15.731428 -6.124537 3.600586
v -15.577536 -6.061828 3.596467
v -15.429335 -6.005184 3.592618
v -15.286337 -5.954492 3.589030
v -15.148048 -5.909633 3.585690
v -15.013973 -5.870489 3.582590
v -14.883621 -5.836946 3.579718
v -14.756502 -5.808885 3.577063
v -14.632124 -5.786188 3.574616
v -14.509993 -5.768739 3.572366
v -14.389616 -5.756420 3.570301
v -14.270502 -5.749114 3.568412
v -14.152163 -5.746705 3.566688
v -13.794800 -5.767696 3.562373
v -13.456566 -5.829169 3.559601
v -13.139734 -5.928875 3.558331
v -12.846581 -6.064565 3.558524
v -12.579382 -6.233989 3.560143
v -12.340410 -6.434899 3.563146
v -12.131939 -6.665048 3.567495
v -11.956244 -6.922183 3.573152
v -11.815599 -7.204058 3.580075
v -11.712278 -7.508422 3.588228
v -11.648560 -7.833027 3.597569
v -11.626713 -8.175625 3.608061
v -11.642477 -8.423441 3.616090
v -11.690487 -8.680557 3.624861
v -11.771494 -8.941094 3.634199
v -11.886250 -9.199171 3.643929
v -12.035509 -9.448908 3.653877
v -12.220022 -9.684424 3.663868
v -12.440542 -9.899840 3.673727
v -12.697824 -10.089276 3.683279
v -12.992613 -10.246851 3.692350
v -13.325670 -10.366684 3.700764
v -13.697744 -10.442897 3.708346
v -14.109592 -10.469606 3.714923
v -14.285475 -10.466151 3.717263
v -14.452456 -10.456018 3.719269
v -14.611189 -10.439561 3.720961
v -14.762335 -10.417129 3.722359
v -14.906542 -10.389074 3.723483
v -15.044472 -10.355750 3.724354
v -15.176779 -10.317505 3.724991
v -15.304119 -10.274692 3.725415
v -15.427153 -10.227662 3.725646
v -15.546530 -10.176766 3.725705
v -15.662909 -10.122356 3.725611
v -15.776945 -10.064786 3.725384
v -15.777262 -9.342857 3.702640
v -15.646366 -9.423946 3.703372
v -15.513832 -9.498475 3.703875
v -15.379986 -9.566352 3.704150
v -15.245161 -9.627481 3.704199
v -15.109682 -9.681768 3.704023
v -14.973881 -9.729123 3.703624
v -14.838079 -9.769449 3.703004
v -14.702612 -9.802653 3.702164
v -14.567802 -9.828642 3.701106
v -14.433981 -9.847322 3.699831
v -14.301474 -9.858598 3.698341
v -14.170609 -9.862376 3.696638
v -13.901421 -9.847708 3.692427
v -13.648279 -9.804621 3.687544
v -13.412586 -9.734500 3.682053
v -13.195745 -9.638725 3.676015
v -12.999168 -9.518682 3.669495
v -12.824253 -9.375749 3.662555
v -12.672409 -9.211310 3.655259
v -12.545042 -9.026748 3.647669
v -12.443556 -8.823444 3.639850
v -12.369360 -8.602780 3.631863
v -12.323854 -8.366139 3.623772
v -12.308456 -8.114902 3.615641
v -12.324581 -7.867654 3.608074
v -12.371540 -7.633055 3.601336
v -12.447554 -7.412793 3.595453
v -12.550842 -7.208556 3.590456
v -12.679623 -7.022030 3.586371
v -12.832111 -6.854900 3.583228
v -13.006529 -6.708857 3.581054
v -13.201090 -6.585583 3.579879
v -13.414015 -6.486768 3.579730
v -13.643520 -6.414097 3.580636
v -13.887823 -6.369258 3.582625
v -14.145147 -6.353935 3.585726
v -14.277542 -6.357047 3.587667
v -14.408411 -6.366461 3.589786
v -14.538200 -6.382293 3.592093
v -14.667353 -6.404662 3.594596
v -14.796316 -6.433685 3.597306
v -14.925531 -6.469478 3.600234
v -15.055447 -6.512157 3.603388
v -15.186510 -6.561843 3.606778
v -15.319160 -6.618649 3.610415
v -15.453850 -6.682695 3.614309
v -15.591021 -6.754098 3.618469
v -15.731117 -6.832973 3.622906
vn -0.0139 -0.0315 -0.9994
vt 0.013564 0.000000
vt 0.012057 0.000000
vt 0.012811 0.000000
vt 0.011304 0.000000
vt 0.009797 0.000000
vt 0.010550 0.000000
vt 0.009043 0.000000
vt 0.015072 0.000000
vt 0.016579 0.000000
vt 0.014318 0.000000
vt 0.015825 0.000000
vt 0.018839 0.000000
vt 0.017332 0.000000
vt 0.018086 0.000000
vt 0.019593 0.000000
vt 0.030143 0.000000
vt 0.028636 0.000000
vt 0.029390 0.000000
vt 0.027882 0.000000
vt 0.027129 0.000000
vt 0.030897 0.000000
vt 0.026375 0.000000
vt 0.025622 0.000000
vt 0.031650 0.000000
vt 0.024868 0.000000
vt 0.024115 0.000000
vt 0.032404 0.000000
vt 0.023361 0.000000
vt 0.022607 0.000000
vt 0.033157 0.000000
vt 0.021854 0.000000
vt 0.021100 0.000000
vt 0.033911 0.000000
vt 0.020347 0.000000
vt 0.105501 0.000000
vt 0.106255 0.000000
vt 0.107008 0.000000
vt 0.107762 0.000000
vt 0.108515 0.000000
vt 0.109269 0.000000
vt 0.110023 0.000000
vt 0.110776 0.000000
vt 0.111530 0.000000
vt 0.034665 0.000000
vt 0.103994 0.000000
vt 0.104748 0.000000
vt 0.035418 0.000000
vt 0.102487 0.000000
vt 0.103240 0.000000
vt 0.036172 0.000000
vt 0.101733 0.000000
vt 0.100980 0.000000
vt 0.100226 0.000000
vt 0.099472 0.000000
vt 0.098719 0.000000
vt 0.097965 0.000000
vt 0.036925 0.000000
vt 0.097212 0.000000
vt 0.096458 0.000000
vt 0.095705 0.000000
vt 0.037679 0.000000
vt 0.094951 0.000000
vt 0.094197 0.000000
vt 0.038433 0.000000
vt 0.093444 0.000000
vt 0.092690 0.000000
vt 0.039186 0.000000
vt 0.091937 0.000000
vt 0.091183 0.000000
vt 0.039940 0.000000
vt 0.090430 0.000000
vt 0.040693 0.000000
vt 0.089676 0.000000
vt 0.088922 0.000000
vt 0.041447 0.000000
vt 0.088169 0.000000
vt 0.042200 0.000000
vt 0.087415 0.000000
vt 0.042954 0.000000
vt 0.086662 0.000000
vt 0.043708 0.000000
vt 0.085908 0.000000
vt 0.044461 0.000000
vt 0.045215 0.000000
vt 0.085154 0.000000
vt 0.045968 0.000000
vt 0.046722 0.000000
vt 0.084401 0.000000
vt 0.047476 0.000000
vt 0.066315 0.000000
vt 0.064808 0.000000
vt 0.065561 0.000000
vt 0.083647 0.000000
vt 0.048229 0.000000
vt 0.064054 0.000000
vt 0.048983 0.000000
vt 0.082894 0.000000
vt 0.063301 0.000000
vt 0.049736 0.000000
vt 0.062547 0.000000
vt 0.050490 0.000000
vt 0.051243 0.000000
vt 0.082140 0.000000
vt 0.061794 0.000000
vt 0.051997 0.000000
vt 0.061040 0.000000
vt 0.052751 0.000000
vt 0.060286 0.000000
vt 0.081387 0.000000
vt 0.053504 0.000000
vt 0.059533 0.000000
vt 0.054258 0.000000
vt 0.058779 0.000000
vt 0.055011 0.000000
vt 0.058026 0.000000
vt 0.055765 0.000000
vt 0.057272 0.000000
vt 0.080633 0.000000
vt 0.056518 0.000000
vt 0.079879 0.000000
vt 0.067069 0.000000
vt 0.067822 0.000000
vt 0.079126 0.000000
vt 0.068576 0.000000
vt 0.078372 0.000000
vt 0.069329 0.000000
vt 0.070083 0.000000
vt 0.077619 0.000000
vt 0.070836 0.000000
vt 0.071590 0.000000
vt 0.076865 0.000000
vt 0.072344 0.000000
vt 0.073097 0.000000
vt 0.076112 0.000000
vt 0.073851 0.000000
vt 0.074604 0.000000
vt 0.075358 0.000000
vt 0.152223 0.000000
vt 0.150716 0.000000
vt 0.151469 0.000000
vt 0.149962 0.000000
vt 0.113791 0.000000
vt 0.112283 0.000000
vt 0.113037 0.000000
vt 0.170309 0.000000
vt 0.114544 0.000000
vt 0.149209 0.000000
vt 0.115298 0.000000
vt 0.169555 0.000000
vt 0.148455 0.000000
vt 0.152977 0.000000
vt 0.116051 0.000000
vt 0.147702 0.000000
vt 0.116805 0.000000
vt 0.146948 0.000000
vt 0.168802 0.000000
vt 0.117558 0.000000
vt 0.146194 0.000000
vt 0.153730 0.000000
vt 0.118312 0.000000
vt 0.145441 0.000000
vt 0.119066 0.000000
vt 0.144687 0.000000
vt 0.168048 0.000000
vt 0.119819 0.000000
vt 0.143934 0.000000
vt 0.120573 0.000000
vt 0.154484 0.000000
vt 0.143180 0.000000
vt 0.121326 0.000000
vt 0.142427 0.000000
vt 0.141673 0.000000
vt 0.122080 0.000000
vt 0.167295 0.000000
vt 0.140919 0.000000
vt 0.122833 0.000000
vt 0.140166 0.000000
vt 0.155237 0.000000
vt 0.123587 0.000000
vt 0.139412 0.000000
vt 0.124341 0.000000
vt 0.166541 0.000000
vt 0.138659 0.000000
vt 0.125094 0.000000
vt 0.125848 0.000000
vt 0.137905 0.000000
vt 0.126601 0.000000
vt 0.137151 0.000000
vt 0.155991 0.000000
vt 0.127355 0.000000
vt 0.136398 0.000000
vt 0.128109 0.000000
vt 0.135644 0.000000
vt 0.165787 0.000000
vt 0.128862 0.000000
vt 0.134891 0.000000
vt 0.129616 0.000000
vt 0.134137 0.000000
vt 0.130369 0.000000
vt 0.133384 0.000000
vt 0.131123 0.000000
vt 0.132630 0.000000
vt 0.131876 0.000000
vt 0.156745 0.000000
vt 0.165034 0.000000
vt 0.157498 0.000000
vt 0.164280 0.000000
vt 0.158252 0.000000
vt 0.163527 0.000000
vt 0.159005 0.000000
vt 0.162773 0.000000
vt 0.159759 0.000000
vt 0.162020 0.000000
vt 0.160512 0.000000
vt 0.161266 0.000000
vt 0.175584 0.000000
vt 0.174077 0.000000
vt 0.174830 0.000000
vt 0.173323 0.000000
vt 0.171816 0.000000
vt 0.172570 0.000000
vt 0.171063 0.000000
vt 0.177091 0.000000
vt 0.178598 0.000000
vt 0.176338 0.000000
vt 0.177845 0.000000
vt 0.180859 0.000000
vt 0.186888 0.000000
vt 0.180106 0.000000
vt 0.179352 0.000000
vt 0.187641 0.000000
vt 0.186134 0.000000
vt 0.183873 0.000000
vt 0.185381 0.000000
vt 0.184627 0.000000
vt 0.183120 0.000000
vt 0.182366 0.000000
vt 0.181613 0.000000
vt 0.235870 0.000000
vt 0.234363 0.000000
vt 0.235117 0.000000
vt 0.236624 0.000000
vt 0.233610 0.000000
vt 0.237378 0.000000
vt 0.232856 0.000000
vt 0.238131 0.000000
vt 0.232102 0.000000
vt 0.238885 0.000000
vt 0.231349 0.000000
vt 0.239638 0.000000
vt 0.230595 0.000000
vt 0.240392 0.000000
vt 0.229842 0.000000
vt 0.241145 0.000000
vt 0.229088 0.000000
vt 0.241899 0.000000
vt 0.228335 0.000000
vt 0.242653 0.000000
vt 0.227581 0.000000
vt 0.243406 0.000000
vt 0.226827 0.000000
vt 0.188395 0.000000
vt 0.226074 0.000000
vt 0.189148 0.000000
vt 0.225320 0.000000
vt 0.224567 0.000000
vt 0.189902 0.000000
vt 0.223813 0.000000
vt 0.190656 0.000000
vt 0.223060 0.000000
vt 0.191409 0.000000
vt 0.222306 0.000000
vt 0.192163 0.000000
vt 0.221552 0.000000
vt 0.192916 0.000000
vt 0.220799 0.000000
vt 0.193670 0.000000
vt 0.220045 0.000000
vt 0.194424 0.000000
vt 0.219292 0.000000
vt 0.195177 0.000000
vt 0.218538 0.000000
vt 0.195931 0.000000
vt 0.217784 0.000000
vt 0.196684 0.000000
vt 0.217031 0.000000
vt 0.197438 0.000000
vt 0.198191 0.000000
vt 0.216277 0.000000
vt 0.198945 0.000000
vt 0.215524 0.000000
vt 0.199699 0.000000
vt 0.214770 0.000000
vt 0.200452 0.000000
vt 0.214017 0.000000
vt 0.201206 0.000000
vt 0.213263 0.000000
vt 0.201959 0.000000
vt 0.212509 0.000000
vt 0.202713 0.000000
vt 0.211756 0.000000
vt 0.203466 0.000000
vt 0.211002 0.000000
vt 0.204220 0.000000
vt 0.210249 0.000000
vt 0.204974 0.000000
vt 0.209495 0.000000
vt 0.205727 0.000000
vt 0.208742 0.000000
vt 0.206481 0.000000
vt 0.207988 0.000000
vt 0.207234 0.000000
vt 0.244913 0.000000
vt 0.279578 0.000000
vt 0.244160 0.000000
vt 0.245667 0.000000
vt 0.278824 0.000000
vt 0.246421 0.000000
vt 0.278071 0.000000
vt 0.247174 0.000000
vt 0.277317 0.000000
vt 0.247928 0.000000
vt 0.276564 0.000000
vt 0.248681 0.000000
vt 0.275810 0.000000
vt 0.249435 0.000000
vt 0.275057 0.000000
vt 0.250188 0.000000
vt 0.274303 0.000000
vt 0.250942 0.000000
vt 0.273549 0.000000
vt 0.251696 0.000000
vt 0.272796 0.000000
vt 0.252449 0.000000
vt 0.272042 0.000000
vt 0.271289 0.000000
vt 0.253203 0.000000
vt 0.253956 0.000000
vt 0.270535 0.000000
vt 0.254710 0.000000
vt 0.269781 0.000000
vt 0.255463 0.000000
vt 0.269028 0.000000
vt 0.256217 0.000000
vt 0.268274 0.000000
vt 0.256971 0.000000
vt 0.267521 0.000000
vt 0.257724 0.000000
vt 0.266767 0.000000
vt 0.258478 0.000000
vt 0.266014 0.000000
vt 0.259231 0.000000
vt 0.265260 0.000000
vt 0.259985 0.000000
vt 0.264506 0.000000
vt 0.260739 0.000000
vt 0.263753 0.000000
vt 0.261492 0.000000
vt 0.262999 0.000000
vt 0.262246 0.000000
vt 0.327807 0.000000
vt 0.326300 0.000000
vt 0.327054 0.000000
vt 0.328561 0.000000
vt 0.325546 0.000000
vt 0.329314 0.000000
vt 0.324793 0.000000
vt 0.330068 0.000000
vt 0.324039 0.000000
vt 0.330821 0.000000
vt 0.323286 0.000000
vt 0.331575 0.000000
vt 0.322532 0.000000
vt 0.332329 0.000000
vt 0.321778 0.000000
vt 0.333082 0.000000
vt 0.321025 0.000000
vt 0.333836 0.000000
vt 0.320271 0.000000
vt 0.334589 0.000000
vt 0.319518 0.000000
vt 0.335343 0.000000
vt 0.318764 0.000000
vt 0.280332 0.000000
vt 0.318011 0.000000
vt 0.281085 0.000000
vt 0.317257 0.000000
vt 0.316503 0.000000
vt 0.281839 0.000000
vt 0.315750 0.000000
vt 0.282592 0.000000
vt 0.314996 0.000000
vt 0.283346 0.000000
vt 0.314243 0.000000
vt 0.284099 0.000000
vt 0.313489 0.000000
vt 0.284853 0.000000
vt 0.312735 0.000000
vt 0.285607 0.000000
vt 0.311982 0.000000
vt 0.286360 0.000000
vt 0.311228 0.000000
vt 0.287114 0.000000
vt 0.310475 0.000000
vt 0.287867 0.000000
vt 0.309721 0.000000
vt 0.288621 0.000000
vt 0.308968 0.000000
vt 0.289375 0.000000
vt 0.290128 0.000000
vt 0.308214 0.000000
vt 0.290882 0.000000
vt 0.307460 0.000000
vt 0.291635 0.000000
vt 0.306707 0.000000
vt 0.292389 0.000000
vt 0.305953 0.000000
vt 0.293142 0.000000
vt 0.305200 0.000000
vt 0.293896 0.000000
vt 0.304446 0.000000
vt 0.294650 0.000000
vt 0.303693 0.000000
vt 0.295403 0.000000
vt 0.302939 0.000000
vt 0.296157 0.000000
vt 0.302185 0.000000
vt 0.296910 0.000000
vt 0.301432 0.000000
vt 0.297664 0.000000
vt 0.300678 0.000000
vt 0.298417 0.000000
vt 0.299925 0.000000
vt 0.299171 0.000000
vt 0.336850 0.000000
vt 0.371515 0.000000
vt 0.336096 0.000000
vt 0.337604 0.000000
vt 0.370761 0.000000
vt 0.338357 0.000000
vt 0.370008 0.000000
vt 0.339111 0.000000
vt 0.369254 0.000000
vt 0.339864 0.000000
vt 0.368500 0.000000
vt 0.340618 0.000000
vt 0.367747 0.000000
vt 0.341372 0.000000
vt 0.366993 0.000000
vt 0.342125 0.000000
vt 0.366240 0.000000
vt 0.342879 0.000000
vt 0.365486 0.000000
vt 0.343632 0.000000
vt 0.364732 0.000000
vt 0.344386 0.000000
vt 0.363979 0.000000
vt 0.363225 0.000000
vt 0.345139 0.000000
vt 0.345893 0.000000
vt 0.362472 0.000000
vt 0.346647 0.000000
vt 0.361718 0.000000
vt 0.347400 0.000000
vt 0.360965 0.000000
vt 0.348154 0.000000
vt 0.360211 0.000000
vt 0.348907 0.000000
vt 0.359457 0.000000
vt 0.349661 0.000000
vt 0.358704 0.000000
vt 0.350414 0.000000
vt 0.357950 0.000000
vt 0.351168 0.000000
vt 0.357197 0.000000
vt 0.351922 0.000000
vt 0.356443 0.000000
vt 0.352675 0.000000
vt 0.355690 0.000000
vt 0.353429 0.000000
vt 0.354936 0.000000
vt 0.354182 0.000000
vt 0.419744 0.000000
vt 0.418237 0.000000
vt 0.418990 0.000000
vt 0.420497 0.000000
vt 0.417483 0.000000
vt 0.421251 0.000000
vt 0.416729 0.000000
vt 0.422005 0.000000
vt 0.415976 0.000000
vt 0.422758 0.000000
vt 0.415222 0.000000
vt 0.423512 0.000000
vt 0.414469 0.000000
vt 0.424265 0.000000
vt 0.413715 0.000000
vt 0.425019 0.000000
vt 0.412962 0.000000
vt 0.425772 0.000000
vt 0.412208 0.000000
vt 0.426526 0.000000
vt 0.411454 0.000000
vt 0.427280 0.000000
vt 0.410701 0.000000
vt 0.372268 0.000000
vt 0.409947 0.000000
vt 0.373022 0.000000
vt 0.409194 0.000000
vt 0.408440 0.000000
vt 0.373775 0.000000
vt 0.407687 0.000000
vt 0.374529 0.000000
vt 0.406933 0.000000
vt 0.375283 0.000000
vt 0.406179 0.000000
vt 0.376036 0.000000
vt 0.405426 0.000000
vt 0.376790 0.000000
vt 0.404672 0.000000
vt 0.377543 0.000000
vt 0.403919 0.000000
vt 0.378297 0.000000
vt 0.403165 0.000000
vt 0.379050 0.000000
vt 0.402411 0.000000
vt 0.379804 0.000000
vt 0.401658 0.000000
vt 0.380558 0.000000
vt 0.400904 0.000000
vt 0.381311 0.000000
vt 0.382065 0.000000
vt 0.400151 0.000000
vt 0.382818 0.000000
vt 0.399397 0.000000
vt 0.383572 0.000000
vt 0.398644 0.000000
vt 0.384326 0.000000
vt 0.397890 0.000000
vt 0.385079 0.000000
vt 0.397136 0.000000
vt 0.385833 0.000000
vt 0.396383 0.000000
vt 0.386586 0.000000
vt 0.395629 0.000000
vt 0.387340 0.000000
vt 0.394876 0.000000
vt 0.388093 0.000000
vt 0.394122 0.000000
vt 0.388847 0.000000
vt 0.393369 0.000000
vt 0.389601 0.000000
vt 0.392615 0.000000
vt 0.390354 0.000000
vt 0.391861 0.000000
vt 0.391108 0.000000
vt 0.428787 0.000000
vt 0.463451 0.000000
vt 0.428033 0.000000
vt 0.429540 0.000000
vt 0.462698 0.000000
vt 0.430294 0.000000
vt 0.461944 0.000000
vt 0.431047 0.000000
vt 0.461191 0.000000
vt 0.431801 0.000000
vt 0.460437 0.000000
vt 0.432555 0.000000
vt 0.459684 0.000000
vt 0.433308 0.000000
vt 0.458930 0.000000
vt 0.434062 0.000000
vt 0.458176 0.000000
vt 0.434815 0.000000
vt 0.457423 0.000000
vt 0.435569 0.000000
vt 0.456669 0.000000
vt 0.436323 0.000000
vt 0.455916 0.000000
vt 0.455162 0.000000
vt 0.437076 0.000000
vt 0.437830 0.000000
vt 0.454408 0.000000
vt 0.438583 0.000000
vt 0.453655 0.000000
vt 0.439337 0.000000
vt 0.452901 0.000000
vt 0.440090 0.000000
vt 0.452148 0.000000
vt 0.440844 0.000000
vt 0.451394 0.000000
vt 0.441598 0.000000
vt 0.450641 0.000000
vt 0.442351 0.000000
vt 0.449887 0.000000
vt 0.443105 0.000000
vt 0.449133 0.000000
vt 0.443858 0.000000
vt 0.448380 0.000000
vt 0.444612 0.000000
vt 0.447626 0.000000
vt 0.445365 0.000000
vt 0.446873 0.000000
vt 0.446119 0.000000
vt 0.511680 0.000000
vt 0.510173 0.000000
vt 0.510927 0.000000
vt 0.512434 0.000000
vt 0.509420 0.000000
vt 0.513188 0.000000
vt 0.508666 0.000000
vt 0.513941 0.000000
vt 0.507913 0.000000
vt 0.514695 0.000000
vt 0.507159 0.000000
vt 0.515448 0.000000
vt 0.506405 0.000000
vt 0.516202 0.000000
vt 0.505652 0.000000
vt 0.516956 0.000000
vt 0.504898 0.000000
vt 0.517709 0.000000
vt 0.504145 0.000000
vt 0.518463 0.000000
vt 0.503391 0.000000
vt 0.519216 0.000000
vt 0.502638 0.000000
vt 0.464205 0.000000
vt 0.501884 0.000000
vt 0.464959 0.000000
vt 0.501130 0.000000
vt 0.500377 0.000000
vt 0.465712 0.000000
vt 0.499623 0.000000
vt 0.466466 0.000000
vt 0.498870 0.000000
vt 0.467219 0.000000
vt 0.498116 0.000000
vt 0.467973 0.000000
vt 0.497362 0.000000
vt 0.468726 0.000000
vt 0.496609 0.000000
vt 0.469480 0.000000
vt 0.495855 0.000000
vt 0.470234 0.000000
vt 0.495102 0.000000
vt 0.470987 0.000000
vt 0.494348 0.000000
vt 0.471741 0.000000
vt 0.493595 0.000000
vt 0.472494 0.000000
vt 0.492841 0.000000
vt 0.473248 0.000000
vt 0.474001 0.000000
vt 0.492087 0.000000
vt 0.474755 0.000000
vt 0.491334 0.000000
vt 0.475509 0.000000
vt 0.490580 0.000000
vt 0.476262 0.000000
vt 0.489827 0.000000
vt 0.477016 0.000000
vt 0.489073 0.000000
vt 0.477769 0.000000
vt 0.488320 0.000000
vt 0.478523 0.000000
vt 0.487566 0.000000
vt 0.479277 0.000000
vt 0.486812 0.000000
vt 0.480030 0.000000
vt 0.486059 0.000000
vt 0.480784 0.000000
vt 0.485305 0.000000
vt 0.481537 0.000000
vt 0.484552 0.000000
vt 0.482291 0.000000
vt 0.483798 0.000000
vt 0.483044 0.000000
vt 0.520723 0.000000
vt 0.555388 0.000000
vt 0.519970 0.000000
vt 0.521477 0.000000
vt 0.554635 0.000000
vt 0.522231 0.000000
vt 0.553881 0.000000
vt 0.522984 0.000000
vt 0.553127 0.000000
vt 0.523738 0.000000
vt 0.552374 0.000000
vt 0.524491 0.000000
vt 0.551620 0.000000
vt 0.525245 0.000000
vt 0.550867 0.000000
vt 0.525998 0.000000
vt 0.550113 0.000000
vt 0.526752 0.000000
vt 0.549359 0.000000
vt 0.527506 0.000000
vt 0.548606 0.000000
vt 0.528259 0.000000
vt 0.547852 0.000000
vt 0.547099 0.000000
vt 0.529013 0.000000
vt 0.529766 0.000000
vt 0.546345 0.000000
vt 0.530520 0.000000
vt 0.545592 0.000000
vt 0.531274 0.000000
vt 0.544838 0.000000
vt 0.532027 0.000000
vt 0.544084 0.000000
vt 0.532781 0.000000
vt 0.543331 0.000000
vt 0.533534 0.000000
vt 0.542577 0.000000
vt 0.534288 0.000000
vt 0.541824 0.000000
vt 0.535041 0.000000
vt 0.541070 0.000000
vt 0.535795 0.000000
vt 0.540317 0.000000
vt 0.536549 0.000000
vt 0.539563 0.000000
vt 0.537302 0.000000
vt 0.538809 0.000000
vt 0.538056 0.000000
vt 0.556895 0.000000
vt 0.577995 0.000000
vt 0.556142 0.000000
vt 0.577242 0.000000
vt 0.576488 0.000000
vt 0.575735 0.000000
vt 0.574981 0.000000
vt 0.574228 0.000000
vt 0.573474 0.000000
vt 0.572720 0.000000
vt 0.571967 0.000000
vt 0.578749 0.000000
vt 0.571213 0.000000
vt 0.597589 0.000000
vt 0.579503 0.000000
vt 0.580256 0.000000
vt 0.581010 0.000000
vt 0.570460 0.000000
vt 0.581763 0.000000
vt 0.582517 0.000000
vt 0.583271 0.000000
vt 0.569706 0.000000
vt 0.584024 0.000000
vt 0.584778 0.000000
vt 0.585531 0.000000
vt 0.568953 0.000000
vt 0.586285 0.000000
vt 0.587038 0.000000
vt 0.568199 0.000000
vt 0.587792 0.000000
vt 0.588546 0.000000
vt 0.567445 0.000000
vt 0.589299 0.000000
vt 0.566692 0.000000
vt 0.590053 0.000000
vt 0.590806 0.000000
vt 0.565938 0.000000
vt 0.591560 0.000000
vt 0.592313 0.000000
vt 0.565185 0.000000
vt 0.593067 0.000000
vt 0.593821 0.000000
vt 0.594574 0.000000
vt 0.595328 0.000000
vt 0.564431 0.000000
vt 0.596081 0.000000
vt 0.596835 0.000000
vt 0.558402 0.000000
vt 0.563677 0.000000
vt 0.562924 0.000000
vt 0.562170 0.000000
vt 0.561417 0.000000
vt 0.560663 0.000000
vt 0.559910 0.000000
vt 0.559156 0.000000
vt 0.557649 0.000000
vt 0.620950 0.000000
vt 0.619442 0.000000
vt 0.620196 0.000000
vt 0.618689 0.000000
vt 0.600603 0.000000
vt 0.599096 0.000000
vt 0.599849 0.000000
vt 0.598342 0.000000
vt 0.621703 0.000000
vt 0.617935 0.000000
vt 0.617182 0.000000
vt 0.622457 0.000000
vt 0.616428 0.000000
vt 0.601356 0.000000
vt 0.615674 0.000000
vt 0.602110 0.000000
vt 0.623210 0.000000
vt 0.614921 0.000000
vt 0.602864 0.000000
vt 0.603617 0.000000
vt 0.614167 0.000000
vt 0.623964 0.000000
vt 0.604371 0.000000
vt 0.613414 0.000000
vt 0.605124 0.000000
vt 0.639035 0.000000
vt 0.612660 0.000000
vt 0.605878 0.000000
vt 0.611907 0.000000
vt 0.606632 0.000000
vt 0.624717 0.000000
vt 0.607385 0.000000
vt 0.611153 0.000000
vt 0.608139 0.000000
vt 0.610399 0.000000
vt 0.608892 0.000000
vt 0.609646 0.000000
vt 0.638282 0.000000
vt 0.639789 0.000000
vt 0.625471 0.000000
vt 0.637528 0.000000
vt 0.636775 0.000000
vt 0.626225 0.000000
vt 0.636021 0.000000
vt 0.626978 0.000000
vt 0.635267 0.000000
vt 0.634514 0.000000
vt 0.627732 0.000000
vt 0.633760 0.000000
vt 0.633007 0.000000
vt 0.628485 0.000000
vt 0.632253 0.000000
vt 0.629239 0.000000
vt 0.631500 0.000000
vt 0.630746 0.000000
vt 0.629992 0.000000
vt 0.650339 0.000000
vt 0.648832 0.000000
vt 0.649586 0.000000
vt 0.648078 0.000000
vt 0.651093 0.000000
vt 0.647325 0.000000
vt 0.646571 0.000000
vt 0.651846 0.000000
vt 0.645818 0.000000
vt 0.645064 0.000000
vt 0.652600 0.000000
vt 0.644310 0.000000
vt 0.643557 0.000000
vt 0.653353 0.000000
vt 0.642803 0.000000
vt 0.642050 0.000000
vt 0.654107 0.000000
vt 0.641296 0.000000
vt 0.640543 0.000000
vt 0.654861 0.000000
vt 0.734740 0.000000
vt 0.735494 0.000000
vt 0.736247 0.000000
vt 0.737001 0.000000
vt 0.737754 0.000000
vt 0.738508 0.000000
vt 0.739262 0.000000
vt 0.740015 0.000000
vt 0.740769 0.000000
vt 0.655614 0.000000
vt 0.733233 0.000000
vt 0.733986 0.000000
vt 0.656368 0.000000
vt 0.732479 0.000000
vt 0.657121 0.000000
vt 0.730972 0.000000
vt 0.731726 0.000000
vt 0.730219 0.000000
vt 0.729465 0.000000
vt 0.728711 0.000000
vt 0.727958 0.000000
vt 0.727204 0.000000
vt 0.657875 0.000000
vt 0.726451 0.000000
vt 0.725697 0.000000
vt 0.724943 0.000000
vt 0.724190 0.000000
vt 0.658628 0.000000
vt 0.723436 0.000000
vt 0.722683 0.000000
vt 0.721929 0.000000
vt 0.659382 0.000000
vt 0.721176 0.000000
vt 0.720422 0.000000
vt 0.719668 0.000000
vt 0.718915 0.000000
vt 0.718161 0.000000
vt 0.660136 0.000000
vt 0.717408 0.000000
vt 0.716654 0.000000
vt 0.715901 0.000000
vt 0.660889 0.000000
vt 0.715147 0.000000
vt 0.714393 0.000000
vt 0.713640 0.000000
vt 0.661643 0.000000
vt 0.712886 0.000000
vt 0.662396 0.000000
vt 0.712133 0.000000
vt 0.711379 0.000000
vt 0.663150 0.000000
vt 0.710625 0.000000
vt 0.663904 0.000000
vt 0.709872 0.000000
vt 0.709118 0.000000
vt 0.664657 0.000000
vt 0.708365 0.000000
vt 0.665411 0.000000
vt 0.707611 0.000000
vt 0.706858 0.000000
vt 0.666164 0.000000
vt 0.706104 0.000000
vt 0.666918 0.000000
vt 0.705350 0.000000
vt 0.667671 0.000000
vt 0.704597 0.000000
vt 0.686511 0.000000
vt 0.685004 0.000000
vt 0.685757 0.000000
vt 0.703843 0.000000
vt 0.668425 0.000000
vt 0.684250 0.000000
vt 0.669179 0.000000
vt 0.683497 0.000000
vt 0.669932 0.000000
vt 0.703090 0.000000
vt 0.682743 0.000000
vt 0.670686 0.000000
vt 0.681989 0.000000
vt 0.671439 0.000000
vt 0.681236 0.000000
vt 0.672193 0.000000
vt 0.702336 0.000000
vt 0.680482 0.000000
vt 0.672947 0.000000
vt 0.673700 0.000000
vt 0.679729 0.000000
vt 0.674454 0.000000
vt 0.678975 0.000000
vt 0.675207 0.000000
vt 0.678222 0.000000
vt 0.675961 0.000000
vt 0.677468 0.000000
vt 0.676714 0.000000
vt 0.701582 0.000000
vt 0.700829 0.000000
vt 0.700075 0.000000
vt 0.687265 0.000000
vt 0.699322 0.000000
vt 0.688018 0.000000
vt 0.688772 0.000000
vt 0.698568 0.000000
vt 0.689525 0.000000
vt 0.690279 0.000000
vt 0.697815 0.000000
vt 0.691032 0.000000
vt 0.697061 0.000000
vt 0.691786 0.000000
vt 0.692540 0.000000
vt 0.696307 0.000000
vt 0.693293 0.000000
vt 0.694047 0.000000
vt 0.695554 0.000000
vt 0.694800 0.000000
vt 0.743029 0.000000
vt 0.741522 0.000000
vt 0.742276 0.000000
vt 0.783723 0.000000
vt 0.774680 0.000000
vt 0.773173 0.000000
vt 0.773926 0.000000
vt 0.775433 0.000000
vt 0.772419 0.000000
vt 0.776187 0.000000
vt 0.776940 0.000000
vt 0.771665 0.000000
vt 0.777694 0.000000
vt 0.770912 0.000000
vt 0.778448 0.000000
vt 0.779201 0.000000
vt 0.770158 0.000000
vt 0.779955 0.000000
vt 0.780708 0.000000
vt 0.769405 0.000000
vt 0.781462 0.000000
vt 0.768651 0.000000
vt 0.782216 0.000000
vt 0.782969 0.000000
vt 0.753579 0.000000
vt 0.767897 0.000000
vt 0.744537 0.000000
vt 0.745290 0.000000
vt 0.746044 0.000000
vt 0.746797 0.000000
vt 0.747551 0.000000
vt 0.748304 0.000000
vt 0.749058 0.000000
vt 0.749812 0.000000
vt 0.750565 0.000000
vt 0.751319 0.000000
vt 0.752072 0.000000
vt 0.752826 0.000000
vt 0.754333 0.000000
vt 0.755087 0.000000
vt 0.755840 0.000000
vt 0.756594 0.000000
vt 0.767144 0.000000
vt 0.757347 0.000000
vt 0.758101 0.000000
vt 0.758855 0.000000
vt 0.766390 0.000000
vt 0.759608 0.000000
vt 0.760362 0.000000
vt 0.765637 0.000000
vt 0.761115 0.000000
vt 0.743783 0.000000
vt 0.761869 0.000000
vt 0.764883 0.000000
vt 0.762622 0.000000
vt 0.763376 0.000000
vt 0.764130 0.000000
vt 0.794273 0.000000
vt 0.792766 0.000000
vt 0.793519 0.000000
vt 0.792012 0.000000
vt 0.791258 0.000000
vt 0.795026 0.000000
vt 0.790505 0.000000
vt 0.789751 0.000000
vt 0.795780 0.000000
vt 0.788998 0.000000
vt 0.788244 0.000000
vt 0.796534 0.000000
vt 0.787491 0.000000
vt 0.786737 0.000000
vt 0.797287 0.000000
vt 0.785983 0.000000
vt 0.785230 0.000000
vt 0.798041 0.000000
vt 0.784476 0.000000
vt 0.869631 0.000000
vt 0.870384 0.000000
vt 0.871138 0.000000
vt 0.871891 0.000000
vt 0.872645 0.000000
vt 0.873399 0.000000
vt 0.874152 0.000000
vt 0.874906 0.000000
vt 0.875659 0.000000
vt 0.798794 0.000000
vt 0.868124 0.000000
vt 0.868877 0.000000
vt 0.799548 0.000000
vt 0.866616 0.000000
vt 0.867370 0.000000
vt 0.800301 0.000000
vt 0.865863 0.000000
vt 0.865109 0.000000
vt 0.864356 0.000000
vt 0.863602 0.000000
vt 0.862849 0.000000
vt 0.862095 0.000000
vt 0.801055 0.000000
vt 0.861341 0.000000
vt 0.860588 0.000000
vt 0.859834 0.000000
vt 0.801809 0.000000
vt 0.859081 0.000000
vt 0.858327 0.000000
vt 0.802562 0.000000
vt 0.857573 0.000000
vt 0.856820 0.000000
vt 0.803316 0.000000
vt 0.856066 0.000000
vt 0.855313 0.000000
vt 0.804069 0.000000
vt 0.854559 0.000000
vt 0.804823 0.000000
vt 0.853806 0.000000
vt 0.853052 0.000000
vt 0.805577 0.000000
vt 0.852298 0.000000
vt 0.806330 0.000000
vt 0.851545 0.000000
vt 0.807084 0.000000
vt 0.850791 0.000000
vt 0.807837 0.000000
vt 0.850038 0.000000
vt 0.808591 0.000000
vt 0.809344 0.000000
vt 0.849284 0.000000
vt 0.810098 0.000000
vt 0.810852 0.000000
vt 0.848531 0.000000
vt 0.811605 0.000000
vt 0.830445 0.000000
vt 0.828937 0.000000
vt 0.829691 0.000000
vt 0.847777 0.000000
vt 0.812359 0.000000
vt 0.828184 0.000000
vt 0.813112 0.000000
vt 0.847023 0.000000
vt 0.827430 0.000000
vt 0.813866 0.000000
vt 0.826677 0.000000
vt 0.814619 0.000000
vt 0.815373 0.000000
vt 0.846270 0.000000
vt 0.825923 0.000000
vt 0.816127 0.000000
vt 0.825170 0.000000
vt 0.816880 0.000000
vt 0.824416 0.000000
vt 0.845516 0.000000
vt 0.817634 0.000000
vt 0.823662 0.000000
vt 0.818387 0.000000
vt 0.822909 0.000000
vt 0.819141 0.000000
vt 0.822155 0.000000
vt 0.819894 0.000000
vt 0.821402 0.000000
vt 0.844763 0.000000
vt 0.820648 0.000000
vt 0.844009 0.000000
vt 0.831198 0.000000
vt 0.831952 0.000000
vt 0.843255 0.000000
vt 0.832705 0.000000
vt 0.842502 0.000000
vt 0.833459 0.000000
vt 0.834212 0.000000
vt 0.841748 0.000000
vt 0.834966 0.000000
vt 0.835720 0.000000
vt 0.840995 0.000000
vt 0.836473 0.000000
vt 0.837227 0.000000
vt 0.840241 0.000000
vt 0.837980 0.000000
vt 0.838734 0.000000
vt 0.839488 0.000000
vt 0.877167 0.000000
vt 0.898267 0.000000
vt 0.876413 0.000000
vt 0.897513 0.000000
vt 0.896760 0.000000
vt 0.896006 0.000000
vt 0.895252 0.000000
vt 0.894499 0.000000
vt 0.893745 0.000000
vt 0.892992 0.000000
vt 0.892238 0.000000
vt 0.899020 0.000000
vt 0.891485 0.000000
vt 0.917860 0.000000
vt 0.899774 0.000000
vt 0.900527 0.000000
vt 0.901281 0.000000
vt 0.890731 0.000000
vt 0.902035 0.000000
vt 0.902788 0.000000
vt 0.903542 0.000000
vt 0.889977 0.000000
vt 0.904295 0.000000
vt 0.905049 0.000000
vt 0.905803 0.000000
vt 0.889224 0.000000
vt 0.906556 0.000000
vt 0.907310 0.000000
vt 0.888470 0.000000
vt 0.908063 0.000000
vt 0.908817 0.000000
vt 0.887717 0.000000
vt 0.909570 0.000000
vt 0.886963 0.000000
vt 0.910324 0.000000
vt 0.911078 0.000000
vt 0.886209 0.000000
vt 0.911831 0.000000
vt 0.912585 0.000000
vt 0.885456 0.000000
vt 0.913338 0.000000
vt 0.914092 0.000000
vt 0.914846 0.000000
vt 0.915599 0.000000
vt 0.884702 0.000000
vt 0.916353 0.000000
vt 0.917106 0.000000
vt 0.878674 0.000000
vt 0.883949 0.000000
vt 0.883195 0.000000
vt 0.882442 0.000000
vt 0.881688 0.000000
vt 0.880934 0.000000
vt 0.880181 0.000000
vt 0.879427 0.000000
vt 0.877920 0.000000
vt 0.920121 0.000000
vt 0.918613 0.000000
vt 0.919367 0.000000
vt 0.924642 0.000000
vt 0.923888 0.000000
vt 0.926149 0.000000
vt 0.925396 0.000000
vt 0.921628 0.000000
vt 0.922381 0.000000
vt 0.920874 0.000000
vt 0.923135 0.000000
vt 0.936699 0.000000
vt 0.935192 0.000000
vt 0.935946 0.000000
vt 0.934439 0.000000
vt 0.933685 0.000000
vt 0.937453 0.000000
vt 0.932931 0.000000
vt 0.932178 0.000000
vt 0.931424 0.000000
vt 0.938206 0.000000
vt 0.930671 0.000000
vt 0.929917 0.000000
vt 0.929164 0.000000
vt 0.938960 0.000000
vt 0.928410 0.000000
vt 0.927656 0.000000
vt 0.926903 0.000000
vt 0.939714 0.000000
vt 0.992464 0.000000
vt 0.993218 0.000000
vt 0.993971 0.000000
vt 0.994725 0.000000
vt 0.995479 0.000000
vt 0.996232 0.000000
vt 0.996986 0.000000
vt 0.997739 0.000000
vt 0.998493 0.000000
vt 0.999246 0.000000
vt 1.000000 0.000000
vt 0.940467 0.000000
vt 0.990957 0.000000
vt 0.991711 0.000000
vt 0.990203 0.000000
vt 0.989450 0.000000
vt 0.988696 0.000000
vt 0.941221 0.000000
vt 0.987943 0.000000
vt 0.987189 0.000000
vt 0.941974 0.000000
vt 0.986436 0.000000
vt 0.985682 0.000000
vt 0.942728 0.000000
vt 0.984928 0.000000
vt 0.943482 0.000000
vt 0.984175 0.000000
vt 0.983421 0.000000
vt 0.944235 0.000000
vt 0.982668 0.000000
vt 0.944989 0.000000
vt 0.981914 0.000000
vt 0.981161 0.000000
vt 0.945742 0.000000
vt 0.980407 0.000000
vt 0.946496 0.000000
vt 0.979653 0.000000
vt 0.947249 0.000000
vt 0.978900 0.000000
vt 0.948003 0.000000
vt 0.978146 0.000000
vt 0.948757 0.000000
vt 0.977393 0.000000
vt 0.964582 0.000000
vt 0.963075 0.000000
vt 0.963828 0.000000
vt 0.976639 0.000000
vt 0.965335 0.000000
vt 0.949510 0.000000
vt 0.966089 0.000000
vt 0.975885 0.000000
vt 0.966842 0.000000
vt 0.967596 0.000000
vt 0.975132 0.000000
vt 0.968350 0.000000
vt 0.950264 0.000000
vt 0.969103 0.000000
vt 0.974378 0.000000
vt 0.969857 0.000000
vt 0.970610 0.000000
vt 0.973625 0.000000
vt 0.971364 0.000000
vt 0.972118 0.000000
vt 0.972871 0.000000
vt 0.951017 0.000000
vt 0.962321 0.000000
vt 0.951771 0.000000
vt 0.961567 0.000000
vt 0.960814 0.000000
vt 0.960060 0.000000
vt 0.952524 0.000000
vt 0.959307 0.000000
vt 0.958553 0.000000
vt 0.957800 0.000000
vt 0.953278 0.000000
vt 0.957046 0.000000
vt 0.956292 0.000000
vt 0.955539 0.000000
vt 0.954032 0.000000
vt 0.954785 0.000000
vt 0.001507 0.000000
vt 0.007536 0.000000
vt 0.000754 0.000000
vt 0.000000 0.000000
vt 0.008289 0.000000
vt 0.006782 0.000000
vt 0.004521 0.000000
vt 0.006029 0.000000
vt 0.005275 0.000000
vt 0.003768 0.000000
vt 0.003014 0.000000
vt 0.002261 0.000000
s 0
f 19/1/1 17/2/1 18/3/1
f 19/1/1 16/4/1 17/2/1
f 16/4/1 14/5/1 15/6/1
f 16/4/1 13/7/1 14/5/1
f 19/1/1 21/8/1 16/4/1
f 21/8/1 13/7/1 16/4/1
f 21/8/1 23/9/1 13/7/1
f 19/1/1 20/10/1 21/8/1
f 22/11/1 23/9/1 21/8/1
f 26/12/1 24/13/1 25/14/1
f 26/12/1 27/15/1 24/13/1
f 41/16/1 39/17/1 40/18/1
f 41/16/1 38/19/1 39/17/1
f 41/16/1 37/20/1 38/19/1
f 42/21/1 37/20/1 41/16/1
f 42/21/1 36/22/1 37/20/1
f 42/21/1 35/23/1 36/22/1
f 43/24/1 35/23/1 42/21/1
f 43/24/1 34/25/1 35/23/1
f 43/24/1 33/26/1 34/25/1
f 44/27/1 33/26/1 43/24/1
f 44/27/1 32/28/1 33/26/1
f 44/27/1 31/29/1 32/28/1
f 45/30/1 31/29/1 44/27/1
f 45/30/1 30/31/1 31/29/1
f 45/30/1 29/32/1 30/31/1
f 46/33/1 29/32/1 45/30/1
f 46/33/1 28/34/1 29/32/1
f 46/33/1 141/35/1 28/34/1
f 141/35/1 142/36/1 28/34/1
f 142/36/1 143/37/1 28/34/1
f 143/37/1 144/38/1 28/34/1
f 144/38/1 145/39/1 28/34/1
f 145/39/1 146/40/1 28/34/1
f 146/40/1 147/41/1 28/34/1
f 147/41/1 148/42/1 28/34/1
f 148/42/1 149/43/1 28/34/1
f 47/44/1 139/45/1 46/33/1
f 139/45/1 140/46/1 46/33/1
f 140/46/1 141/35/1 46/33/1
f 48/47/1 137/48/1 47/44/1
f 137/48/1 138/49/1 47/44/1
f 138/49/1 139/45/1 47/44/1
f 49/50/1 136/51/1 48/47/1
f 136/51/1 137/48/1 48/47/1
f 49/50/1 135/52/1 136/51/1
f 49/50/1 134/53/1 135/52/1
f 49/50/1 133/54/1 134/53/1
f 49/50/1 132/55/1 133/54/1
f 49/50/1 131/56/1 132/55/1
f 50/57/1 131/56/1 49/50/1
f 50/57/1 130/58/1 131/56/1
f 50/57/1 129/59/1 130/58/1
f 50/57/1 128/60/1 129/59/1
f 51/61/1 128/60/1 50/57/1
f 51/61/1 127/62/1 128/60/1
f 51/61/1 126/63/1 127/62/1
f 52/64/1 126/63/1 51/61/1
f 52/64/1 125/65/1 126/63/1
f 52/64/1 124/66/1 125/65/1
f 53/67/1 124/66/1 52/64/1
f 53/67/1 123/68/1 124/66/1
f 53/67/1 122/69/1 123/68/1
f 54/70/1 122/69/1 53/67/1
f 54/70/1 121/71/1 122/69/1
f 55/72/1 121/71/1 54/70/1
f 55/72/1 120/73/1 121/71/1
f 55/72/1 119/74/1 120/73/1
f 56/75/1 119/74/1 55/72/1
f 56/75/1 118/76/1 119/74/1
f 57/77/1 118/76/1 56/75/1
f 57/77/1 117/78/1 118/76/1
f 58/79/1 117/78/1 57/77/1
f 58/79/1 116/80/1 117/78/1
f 59/81/1 116/80/1 58/79/1
f 59/81/1 115/82/1 116/80/1
f 60/83/1 115/82/1 59/81/1
f 61/84/1 115/82/1 60/83/1
f 61/84/1 114/85/1 115/82/1
f 62/86/1 114/85/1 61/84/1
f 63/87/1 114/85/1 62/86/1
f 63/87/1 113/88/1 114/85/1
f 64/89/1 113/88/1 63/87/1
f 89/90/1 87/91/1 88/92/1
f 64/89/1 112/93/1 113/88/1
f 65/94/1 112/93/1 64/89/1
f 89/90/1 86/95/1 87/91/1
f 66/96/1 112/93/1 65/94/1
f 66/96/1 111/97/1 112/93/1
f 89/90/1 85/98/1 86/95/1
f 67/99/1 111/97/1 66/96/1
f 89/90/1 84/100/1 85/98/1
f 68/101/1 111/97/1 67/99/1
f 69/102/1 111/97/1 68/101/1
f 69/102/1 110/103/1 111/97/1
f 89/90/1 83/104/1 84/100/1
f 70/105/1 110/103/1 69/102/1
f 89/90/1 82/106/1 83/104/1
f 71/107/1 110/103/1 70/105/1
f 89/90/1 81/108/1 82/106/1
f 71/107/1 109/109/1 110/103/1
f 72/110/1 109/109/1 71/107/1
f 89/90/1 80/111/1 81/108/1
f 73/112/1 109/109/1 72/110/1
f 89/90/1 79/113/1 80/111/1
f 74/114/1 109/109/1 73/112/1
f 89/90/1 78/115/1 79/113/1
f 75/116/1 109/109/1 74/114/1
f 89/90/1 77/117/1 78/115/1
f 75/116/1 108/118/1 109/109/1
f 76/119/1 108/118/1 75/116/1
f 89/90/1 76/119/1 77/117/1
f 89/90/1 108/118/1 76/119/1
f 89/90/1 107/120/1 108/118/1
f 90/121/1 107/120/1 89/90/1
f 91/122/1 107/120/1 90/121/1
f 91/122/1 106/123/1 107/120/1
f 92/124/1 106/123/1 91/122/1
f 92/124/1 105/125/1 106/123/1
f 93/126/1 105/125/1 92/124/1
f 94/127/1 105/125/1 93/126/1
f 94/127/1 104/128/1 105/125/1
f 95/129/1 104/128/1 94/127/1
f 96/130/1 104/128/1 95/129/1
f 96/130/1 103/131/1 104/128/1
f 97/132/1 103/131/1 96/130/1
f 98/133/1 103/131/1 97/132/1
f 98/133/1 102/134/1 103/131/1
f 99/135/1 102/134/1 98/133/1
f 100/136/1 102/134/1 99/135/1
f 100/136/1 101/137/1 102/134/1
f 203/138/1 201/139/1 202/140/1
f 203/138/1 200/141/1 201/139/1
f 152/142/1 150/143/1 151/144/1
f 152/142/1 227/145/1 150/143/1
f 153/146/1 227/145/1 152/142/1
f 203/138/1 199/147/1 200/141/1
f 154/148/1 227/145/1 153/146/1
f 154/148/1 226/149/1 227/145/1
f 203/138/1 198/150/1 199/147/1
f 204/151/1 198/150/1 203/138/1
f 155/152/1 226/149/1 154/148/1
f 204/151/1 197/153/1 198/150/1
f 156/154/1 226/149/1 155/152/1
f 204/151/1 196/155/1 197/153/1
f 156/154/1 225/156/1 226/149/1
f 157/157/1 225/156/1 156/154/1
f 204/151/1 195/158/1 196/155/1
f 205/159/1 195/158/1 204/151/1
f 158/160/1 225/156/1 157/157/1
f 205/159/1 194/161/1 195/158/1
f 159/162/1 225/156/1 158/160/1
f 205/159/1 193/163/1 194/161/1
f 159/162/1 224/164/1 225/156/1
f 160/165/1 224/164/1 159/162/1
f 205/159/1 192/166/1 193/163/1
f 161/167/1 224/164/1 160/165/1
f 206/168/1 192/166/1 205/159/1
f 206/168/1 191/169/1 192/166/1
f 162/170/1 224/164/1 161/167/1
f 206/168/1 190/171/1 191/169/1
f 206/168/1 189/172/1 190/171/1
f 163/173/1 224/164/1 162/170/1
f 163/173/1 223/174/1 224/164/1
f 206/168/1 188/175/1 189/172/1
f 164/176/1 223/174/1 163/173/1
f 206/168/1 187/177/1 188/175/1
f 207/178/1 187/177/1 206/168/1
f 165/179/1 223/174/1 164/176/1
f 207/178/1 186/180/1 187/177/1
f 166/181/1 223/174/1 165/179/1
f 166/181/1 222/182/1 223/174/1
f 207/178/1 185/183/1 186/180/1
f 167/184/1 222/182/1 166/181/1
f 168/185/1 222/182/1 167/184/1
f 207/178/1 184/186/1 185/183/1
f 169/187/1 222/182/1 168/185/1
f 207/178/1 183/188/1 184/186/1
f 208/189/1 183/188/1 207/178/1
f 170/190/1 222/182/1 169/187/1
f 208/189/1 182/191/1 183/188/1
f 171/192/1 222/182/1 170/190/1
f 208/189/1 181/193/1 182/191/1
f 171/192/1 221/194/1 222/182/1
f 172/195/1 221/194/1 171/192/1
f 208/189/1 180/196/1 181/193/1
f 173/197/1 221/194/1 172/195/1
f 208/189/1 179/198/1 180/196/1
f 174/199/1 221/194/1 173/197/1
f 208/189/1 178/200/1 179/198/1
f 175/201/1 221/194/1 174/199/1
f 208/189/1 177/202/1 178/200/1
f 176/203/1 221/194/1 175/201/1
f 208/189/1 176/203/1 177/202/1
f 208/189/1 221/194/1 176/203/1
f 209/204/1 221/194/1 208/189/1
f 209/204/1 220/205/1 221/194/1
f 210/206/1 220/205/1 209/204/1
f 210/206/1 219/207/1 220/205/1
f 211/208/1 219/207/1 210/206/1
f 211/208/1 218/209/1 219/207/1
f 212/210/1 218/209/1 211/208/1
f 212/210/1 217/211/1 218/209/1
f 213/212/1 217/211/1 212/210/1
f 213/212/1 216/213/1 217/211/1
f 214/214/1 216/213/1 213/212/1
f 214/214/1 215/215/1 216/213/1
f 234/216/1 232/217/1 233/218/1
f 234/216/1 231/219/1 232/217/1
f 231/219/1 229/220/1 230/221/1
f 231/219/1 228/222/1 229/220/1
f 234/216/1 236/223/1 231/219/1
f 236/223/1 228/222/1 231/219/1
f 236/223/1 238/224/1 228/222/1
f 234/216/1 235/225/1 236/223/1
f 237/226/1 238/224/1 236/223/1
f 241/227/1 249/228/1 240/229/1
f 249/228/1 239/230/1 240/229/1
f 249/228/1 250/231/1 239/230/1
f 241/227/1 248/232/1 249/228/1
f 241/227/1 245/233/1 248/232/1
f 245/233/1 247/234/1 248/232/1
f 245/233/1 246/235/1 247/234/1
f 241/227/1 244/236/1 245/233/1
f 241/227/1 243/237/1 244/236/1
f 241/227/1 242/238/1 243/237/1
f 314/239/1 312/240/1 313/241/1
f 315/242/1 312/240/1 314/239/1
f 315/242/1 311/243/1 312/240/1
f 316/244/1 311/243/1 315/242/1
f 316/244/1 310/245/1 311/243/1
f 317/246/1 310/245/1 316/244/1
f 317/246/1 309/247/1 310/245/1
f 318/248/1 309/247/1 317/246/1
f 318/248/1 308/249/1 309/247/1
f 319/250/1 308/249/1 318/248/1
f 319/250/1 307/251/1 308/249/1
f 320/252/1 307/251/1 319/250/1
f 320/252/1 306/253/1 307/251/1
f 321/254/1 306/253/1 320/252/1
f 321/254/1 305/255/1 306/253/1
f 322/256/1 305/255/1 321/254/1
f 322/256/1 304/257/1 305/255/1
f 323/258/1 304/257/1 322/256/1
f 323/258/1 303/259/1 304/257/1
f 324/260/1 303/259/1 323/258/1
f 324/260/1 302/261/1 303/259/1
f 251/262/1 302/261/1 324/260/1
f 251/262/1 301/263/1 302/261/1
f 252/264/1 301/263/1 251/262/1
f 252/264/1 300/265/1 301/263/1
f 252/264/1 299/266/1 300/265/1
f 253/267/1 299/266/1 252/264/1
f 253/267/1 298/268/1 299/266/1
f 254/269/1 298/268/1 253/267/1
f 254/269/1 297/270/1 298/268/1
f 255/271/1 297/270/1 254/269/1
f 255/271/1 296/272/1 297/270/1
f 256/273/1 296/272/1 255/271/1
f 256/273/1 295/274/1 296/272/1
f 257/275/1 295/274/1 256/273/1
f 257/275/1 294/276/1 295/274/1
f 258/277/1 294/276/1 257/275/1
f 258/277/1 293/278/1 294/276/1
f 259/279/1 293/278/1 258/277/1
f 259/279/1 292/280/1 293/278/1
f 260/281/1 292/280/1 259/279/1
f 260/281/1 291/282/1 292/280/1
f 261/283/1 291/282/1 260/281/1
f 261/283/1 290/284/1 291/282/1
f 262/285/1 290/284/1 261/283/1
f 262/285/1 289/286/1 290/284/1
f 263/287/1 289/286/1 262/285/1
f 264/288/1 289/286/1 263/287/1
f 264/288/1 288/289/1 289/286/1
f 265/290/1 288/289/1 264/288/1
f 265/290/1 287/291/1 288/289/1
f 266/292/1 287/291/1 265/290/1
f 266/292/1 286/293/1 287/291/1
f 267/294/1 286/293/1 266/292/1
f 267/294/1 285/295/1 286/293/1
f 268/296/1 285/295/1 267/294/1
f 268/296/1 284/297/1 285/295/1
f 269/298/1 284/297/1 268/296/1
f 269/298/1 283/299/1 284/297/1
f 270/300/1 283/299/1 269/298/1
f 270/300/1 282/301/1 283/299/1
f 271/302/1 282/301/1 270/300/1
f 271/302/1 281/303/1 282/301/1
f 272/304/1 281/303/1 271/302/1
f 272/304/1 280/305/1 281/303/1
f 273/306/1 280/305/1 272/304/1
f 273/306/1 279/307/1 280/305/1
f 274/308/1 279/307/1 273/306/1
f 274/308/1 278/309/1 279/307/1
f 275/310/1 278/309/1 274/308/1
f 275/310/1 277/311/1 278/309/1
f 276/312/1 277/311/1 275/310/1
f 326/313/1 372/314/1 325/315/1
f 327/316/1 372/314/1 326/313/1
f 327/316/1 371/317/1 372/314/1
f 328/318/1 371/317/1 327/316/1
f 328/318/1 370/319/1 371/317/1
f 329/320/1 370/319/1 328/318/1
f 329/320/1 369/321/1 370/319/1
f 330/322/1 369/321/1 329/320/1
f 330/322/1 368/323/1 369/321/1
f 331/324/1 368/323/1 330/322/1
f 331/324/1 367/325/1 368/323/1
f 332/326/1 367/325/1 331/324/1
f 332/326/1 366/327/1 367/325/1
f 333/328/1 366/327/1 332/326/1
f 333/328/1 365/329/1 366/327/1
f 334/330/1 365/329/1 333/328/1
f 334/330/1 364/331/1 365/329/1
f 335/332/1 364/331/1 334/330/1
f 335/332/1 363/333/1 364/331/1
f 336/334/1 363/333/1 335/332/1
f 336/334/1 362/335/1 363/333/1
f 336/334/1 361/336/1 362/335/1
f 337/337/1 361/336/1 336/334/1
f 338/338/1 361/336/1 337/337/1
f 338/338/1 360/339/1 361/336/1
f 339/340/1 360/339/1 338/338/1
f 339/340/1 359/341/1 360/339/1
f 340/342/1 359/341/1 339/340/1
f 340/342/1 358/343/1 359/341/1
f 341/344/1 358/343/1 340/342/1
f 341/344/1 357/345/1 358/343/1
f 342/346/1 357/345/1 341/344/1
f 342/346/1 356/347/1 357/345/1
f 343/348/1 356/347/1 342/346/1
f 343/348/1 355/349/1 356/347/1
f 344/350/1 355/349/1 343/348/1
f 344/350/1 354/351/1 355/349/1
f 345/352/1 354/351/1 344/350/1
f 345/352/1 353/353/1 354/351/1
f 346/354/1 353/353/1 345/352/1
f 346/354/1 352/355/1 353/353/1
f 347/356/1 352/355/1 346/354/1
f 347/356/1 351/357/1 352/355/1
f 348/358/1 351/357/1 347/356/1
f 348/358/1 350/359/1 351/357/1
f 349/360/1 350/359/1 348/358/1
f 436/361/1 434/362/1 435/363/1
f 437/364/1 434/362/1 436/361/1
f 437/364/1 433/365/1 434/362/1
f 438/366/1 433/365/1 437/364/1
f 438/366/1 432/367/1 433/365/1
f 439/368/1 432/367/1 438/366/1
f 439/368/1 431/369/1 432/367/1
f 440/370/1 431/369/1 439/368/1
f 440/370/1 430/371/1 431/369/1
f 441/372/1 430/371/1 440/370/1
f 441/372/1 429/373/1 430/371/1
f 442/374/1 429/373/1 441/372/1
f 442/374/1 428/375/1 429/373/1
f 443/376/1 428/375/1 442/374/1
f 443/376/1 427/377/1 428/375/1
f 444/378/1 427/377/1 443/376/1
f 444/378/1 426/379/1 427/377/1
f 445/380/1 426/379/1 444/378/1
f 445/380/1 425/381/1 426/379/1
f 446/382/1 425/381/1 445/380/1
f 446/382/1 424/383/1 425/381/1
f 373/384/1 424/383/1 446/382/1
f 373/384/1 423/385/1 424/383/1
f 374/386/1 423/385/1 373/384/1
f 374/386/1 422/387/1 423/385/1
f 374/386/1 421/388/1 422/387/1
f 375/389/1 421/388/1 374/386/1
f 375/389/1 420/390/1 421/388/1
f 376/391/1 420/390/1 375/389/1
f 376/391/1 419/392/1 420/390/1
f 377/393/1 419/392/1 376/391/1
f 377/393/1 418/394/1 419/392/1
f 378/395/1 418/394/1 377/393/1
f 378/395/1 417/396/1 418/394/1
f 379/397/1 417/396/1 378/395/1
f 379/397/1 416/398/1 417/396/1
f 380/399/1 416/398/1 379/397/1
f 380/399/1 415/400/1 416/398/1
f 381/401/1 415/400/1 380/399/1
f 381/401/1 414/402/1 415/400/1
f 382/403/1 414/402/1 381/401/1
f 382/403/1 413/404/1 414/402/1
f 383/405/1 413/404/1 382/403/1
f 383/405/1 412/406/1 413/404/1
f 384/407/1 412/406/1 383/405/1
f 384/407/1 411/408/1 412/406/1
f 385/409/1 411/408/1 384/407/1
f 386/410/1 411/408/1 385/409/1
f 386/410/1 410/411/1 411/408/1
f 387/412/1 410/411/1 386/410/1
f 387/412/1 409/413/1 410/411/1
f 388/414/1 409/413/1 387/412/1
f 388/414/1 408/415/1 409/413/1
f 389/416/1 408/415/1 388/414/1
f 389/416/1 407/417/1 408/415/1
f 390/418/1 407/417/1 389/416/1
f 390/418/1 406/419/1 407/417/1
f 391/420/1 406/419/1 390/418/1
f 391/420/1 405/421/1 406/419/1
f 392/422/1 405/421/1 391/420/1
f 392/422/1 404/423/1 405/421/1
f 393/424/1 404/423/1 392/422/1
f 393/424/1 403/425/1 404/423/1
f 394/426/1 403/425/1 393/424/1
f 394/426/1 402/427/1 403/425/1
f 395/428/1 402/427/1 394/426/1
f 395/428/1 401/429/1 402/427/1
f 396/430/1 401/429/1 395/428/1
f 396/430/1 400/431/1 401/429/1
f 397/432/1 400/431/1 396/430/1
f 397/432/1 399/433/1 400/431/1
f 398/434/1 399/433/1 397/432/1
f 448/435/1 494/436/1 447/437/1
f 449/438/1 494/436/1 448/435/1
f 449/438/1 493/439/1 494/436/1
f 450/440/1 493/439/1 449/438/1
f 450/440/1 492/441/1 493/439/1
f 451/442/1 492/441/1 450/440/1
f 451/442/1 491/443/1 492/441/1
f 452/444/1 491/443/1 451/442/1
f 452/444/1 490/445/1 491/443/1
f 453/446/1 490/445/1 452/444/1
f 453/446/1 489/447/1 490/445/1
f 454/448/1 489/447/1 453/446/1
f 454/448/1 488/449/1 489/447/1
f 455/450/1 488/449/1 454/448/1
f 455/450/1 487/451/1 488/449/1
f 456/452/1 487/451/1 455/450/1
f 456/452/1 486/453/1 487/451/1
f 457/454/1 486/453/1 456/452/1
f 457/454/1 485/455/1 486/453/1
f 458/456/1 485/455/1 457/454/1
f 458/456/1 484/457/1 485/455/1
f 458/456/1 483/458/1 484/457/1
f 459/459/1 483/458/1 458/456/1
f 460/460/1 483/458/1 459/459/1
f 460/460/1 482/461/1 483/458/1
f 461/462/1 482/461/1 460/460/1
f 461/462/1 481/463/1 482/461/1
f 462/464/1 481/463/1 461/462/1
f 462/464/1 480/465/1 481/463/1
f 463/466/1 480/465/1 462/464/1
f 463/466/1 479/467/1 480/465/1
f 464/468/1 479/467/1 463/466/1
f 464/468/1 478/469/1 479/467/1
f 465/470/1 478/469/1 464/468/1
f 465/470/1 477/471/1 478/469/1
f 466/472/1 477/471/1 465/470/1
f 466/472/1 476/473/1 477/471/1
f 467/474/1 476/473/1 466/472/1
f 467/474/1 475/475/1 476/473/1
f 468/476/1 475/475/1 467/474/1
f 468/476/1 474/477/1 475/475/1
f 469/478/1 474/477/1 468/476/1
f 469/478/1 473/479/1 474/477/1
f 470/480/1 473/479/1 469/478/1
f 470/480/1 472/481/1 473/479/1
f 471/482/1 472/481/1 470/480/1
f 558/483/1 556/484/1 557/485/1
f 559/486/1 556/484/1 558/483/1
f 559/486/1 555/487/1 556/484/1
f 560/488/1 555/487/1 559/486/1
f 560/488/1 554/489/1 555/487/1
f 561/490/1 554/489/1 560/488/1
f 561/490/1 553/491/1 554/489/1
f 562/492/1 553/491/1 561/490/1
f 562/492/1 552/493/1 553/491/1
f 563/494/1 552/493/1 562/492/1
f 563/494/1 551/495/1 552/493/1
f 564/496/1 551/495/1 563/494/1
f 564/496/1 550/497/1 551/495/1
f 565/498/1 550/497/1 564/496/1
f 565/498/1 549/499/1 550/497/1
f 566/500/1 549/499/1 565/498/1
f 566/500/1 548/501/1 549/499/1
f 567/502/1 548/501/1 566/500/1
f 567/502/1 547/503/1 548/501/1
f 568/504/1 547/503/1 567/502/1
f 568/504/1 546/505/1 547/503/1
f 495/506/1 546/505/1 568/504/1
f 495/506/1 545/507/1 546/505/1
f 496/508/1 545/507/1 495/506/1
f 496/508/1 544/509/1 545/507/1
f 496/508/1 543/510/1 544/509/1
f 497/511/1 543/510/1 496/508/1
f 497/511/1 542/512/1 543/510/1
f 498/513/1 542/512/1 497/511/1
f 498/513/1 541/514/1 542/512/1
f 499/515/1 541/514/1 498/513/1
f 499/515/1 540/516/1 541/514/1
f 500/517/1 540/516/1 499/515/1
f 500/517/1 539/518/1 540/516/1
f 501/519/1 539/518/1 500/517/1
f 501/519/1 538/520/1 539/518/1
f 502/521/1 538/520/1 501/519/1
f 502/521/1 537/522/1 538/520/1
f 503/523/1 537/522/1 502/521/1
f 503/523/1 536/524/1 537/522/1
f 504/525/1 536/524/1 503/523/1
f 504/525/1 535/526/1 536/524/1
f 505/527/1 535/526/1 504/525/1
f 505/527/1 534/528/1 535/526/1
f 506/529/1 534/528/1 505/527/1
f 506/529/1 533/530/1 534/528/1
f 507/531/1 533/530/1 506/529/1
f 508/532/1 533/530/1 507/531/1
f 508/532/1 532/533/1 533/530/1
f 509/534/1 532/533/1 508/532/1
f 509/534/1 531/535/1 532/533/1
f 510/536/1 531/535/1 509/534/1
f 510/536/1 530/537/1 531/535/1
f 511/538/1 530/537/1 510/536/1
f 511/538/1 529/539/1 530/537/1
f 512/540/1 529/539/1 511/538/1
f 512/540/1 528/541/1 529/539/1
f 513/542/1 528/541/1 512/540/1
f 513/542/1 527/543/1 528/541/1
f 514/544/1 527/543/1 513/542/1
f 514/544/1 526/545/1 527/543/1
f 515/546/1 526/545/1 514/544/1
f 515/546/1 525/547/1 526/545/1
f 516/548/1 525/547/1 515/546/1
f 516/548/1 524/549/1 525/547/1
f 517/550/1 524/549/1 516/548/1
f 517/550/1 523/551/1 524/549/1
f 518/552/1 523/551/1 517/550/1
f 518/552/1 522/553/1 523/551/1
f 519/554/1 522/553/1 518/552/1
f 519/554/1 521/555/1 522/553/1
f 520/556/1 521/555/1 519/554/1
f 570/557/1 616/558/1 569/559/1
f 571/560/1 616/558/1 570/557/1
f 571/560/1 615/561/1 616/558/1
f 572/562/1 615/561/1 571/560/1
f 572/562/1 614/563/1 615/561/1
f 573/564/1 614/563/1 572/562/1
f 573/564/1 613/565/1 614/563/1
f 574/566/1 613/565/1 573/564/1
f 574/566/1 612/567/1 613/565/1
f 575/568/1 612/567/1 574/566/1
f 575/568/1 611/569/1 612/567/1
f 576/570/1 611/569/1 575/568/1
f 576/570/1 610/571/1 611/569/1
f 577/572/1 610/571/1 576/570/1
f 577/572/1 609/573/1 610/571/1
f 578/574/1 609/573/1 577/572/1
f 578/574/1 608/575/1 609/573/1
f 579/576/1 608/575/1 578/574/1
f 579/576/1 607/577/1 608/575/1
f 580/578/1 607/577/1 579/576/1
f 580/578/1 606/579/1 607/577/1
f 580/578/1 605/580/1 606/579/1
f 581/581/1 605/580/1 580/578/1
f 582/582/1 605/580/1 581/581/1
f 582/582/1 604/583/1 605/580/1
f 583/584/1 604/583/1 582/582/1
f 583/584/1 603/585/1 604/583/1
f 584/586/1 603/585/1 583/584/1
f 584/586/1 602/587/1 603/585/1
f 585/588/1 602/587/1 584/586/1
f 585/588/1 601/589/1 602/587/1
f 586/590/1 601/589/1 585/588/1
f 586/590/1 600/591/1 601/589/1
f 587/592/1 600/591/1 586/590/1
f 587/592/1 599/593/1 600/591/1
f 588/594/1 599/593/1 587/592/1
f 588/594/1 598/595/1 599/593/1
f 589/596/1 598/595/1 588/594/1
f 589/596/1 597/597/1 598/595/1
f 590/598/1 597/597/1 589/596/1
f 590/598/1 596/599/1 597/597/1
f 591/600/1 596/599/1 590/598/1
f 591/600/1 595/601/1 596/599/1
f 592/602/1 595/601/1 591/600/1
f 592/602/1 594/603/1 595/601/1
f 593/604/1 594/603/1 592/602/1
f 680/605/1 678/606/1 679/607/1
f 681/608/1 678/606/1 680/605/1
f 681/608/1 677/609/1 678/606/1
f 682/610/1 677/609/1 681/608/1
f 682/610/1 676/611/1 677/609/1
f 683/612/1 676/611/1 682/610/1
f 683/612/1 675/613/1 676/611/1
f 684/614/1 675/613/1 683/612/1
f 684/614/1 674/615/1 675/613/1
f 685/616/1 674/615/1 684/614/1
f 685/616/1 673/617/1 674/615/1
f 686/618/1 673/617/1 685/616/1
f 686/618/1 672/619/1 673/617/1
f 687/620/1 672/619/1 686/618/1
f 687/620/1 671/621/1 672/619/1
f 688/622/1 671/621/1 687/620/1
f 688/622/1 670/623/1 671/621/1
f 689/624/1 670/623/1 688/622/1
f 689/624/1 669/625/1 670/623/1
f 690/626/1 669/625/1 689/624/1
f 690/626/1 668/627/1 669/625/1
f 617/628/1 668/627/1 690/626/1
f 617/628/1 667/629/1 668/627/1
f 618/630/1 667/629/1 617/628/1
f 618/630/1 666/631/1 667/629/1
f 618/630/1 665/632/1 666/631/1
f 619/633/1 665/632/1 618/630/1
f 619/633/1 664/634/1 665/632/1
f 620/635/1 664/634/1 619/633/1
f 620/635/1 663/636/1 664/634/1
f 621/637/1 663/636/1 620/635/1
f 621/637/1 662/638/1 663/636/1
f 622/639/1 662/638/1 621/637/1
f 622/639/1 661/640/1 662/638/1
f 623/641/1 661/640/1 622/639/1
f 623/641/1 660/642/1 661/640/1
f 624/643/1 660/642/1 623/641/1
f 624/643/1 659/644/1 660/642/1
f 625/645/1 659/644/1 624/643/1
f 625/645/1 658/646/1 659/644/1
f 626/647/1 658/646/1 625/645/1
f 626/647/1 657/648/1 658/646/1
f 627/649/1 657/648/1 626/647/1
f 627/649/1 656/650/1 657/648/1
f 628/651/1 656/650/1 627/649/1
f 628/651/1 655/652/1 656/650/1
f 629/653/1 655/652/1 628/651/1
f 630/654/1 655/652/1 629/653/1
f 630/654/1 654/655/1 655/652/1
f 631/656/1 654/655/1 630/654/1
f 631/656/1 653/657/1 654/655/1
f 632/658/1 653/657/1 631/656/1
f 632/658/1 652/659/1 653/657/1
f 633/660/1 652/659/1 632/658/1
f 633/660/1 651/661/1 652/659/1
f 634/662/1 651/661/1 633/660/1
f 634/662/1 650/663/1 651/661/1
f 635/664/1 650/663/1 634/662/1
f 635/664/1 649/665/1 650/663/1
f 636/666/1 649/665/1 635/664/1
f 636/666/1 648/667/1 649/665/1
f 637/668/1 648/667/1 636/666/1
f 637/668/1 647/669/1 648/667/1
f 638/670/1 647/669/1 637/668/1
f 638/670/1 646/671/1 647/669/1
f 639/672/1 646/671/1 638/670/1
f 639/672/1 645/673/1 646/671/1
f 640/674/1 645/673/1 639/672/1
f 640/674/1 644/675/1 645/673/1
f 641/676/1 644/675/1 640/674/1
f 641/676/1 643/677/1 644/675/1
f 642/678/1 643/677/1 641/676/1
f 692/679/1 738/680/1 691/681/1
f 693/682/1 738/680/1 692/679/1
f 693/682/1 737/683/1 738/680/1
f 694/684/1 737/683/1 693/682/1
f 694/684/1 736/685/1 737/683/1
f 695/686/1 736/685/1 694/684/1
f 695/686/1 735/687/1 736/685/1
f 696/688/1 735/687/1 695/686/1
f 696/688/1 734/689/1 735/687/1
f 697/690/1 734/689/1 696/688/1
f 697/690/1 733/691/1 734/689/1
f 698/692/1 733/691/1 697/690/1
f 698/692/1 732/693/1 733/691/1
f 699/694/1 732/693/1 698/692/1
f 699/694/1 731/695/1 732/693/1
f 700/696/1 731/695/1 699/694/1
f 700/696/1 730/697/1 731/695/1
f 701/698/1 730/697/1 700/696/1
f 701/698/1 729/699/1 730/697/1
f 702/700/1 729/699/1 701/698/1
f 702/700/1 728/701/1 729/699/1
f 702/700/1 727/702/1 728/701/1
f 703/703/1 727/702/1 702/700/1
f 704/704/1 727/702/1 703/703/1
f 704/704/1 726/705/1 727/702/1
f 705/706/1 726/705/1 704/704/1
f 705/706/1 725/707/1 726/705/1
f 706/708/1 725/707/1 705/706/1
f 706/708/1 724/709/1 725/707/1
f 707/710/1 724/709/1 706/708/1
f 707/710/1 723/711/1 724/709/1
f 708/712/1 723/711/1 707/710/1
f 708/712/1 722/713/1 723/711/1
f 709/714/1 722/713/1 708/712/1
f 709/714/1 721/715/1 722/713/1
f 710/716/1 721/715/1 709/714/1
f 710/716/1 720/717/1 721/715/1
f 711/718/1 720/717/1 710/716/1
f 711/718/1 719/719/1 720/717/1
f 712/720/1 719/719/1 711/718/1
f 712/720/1 718/721/1 719/719/1
f 713/722/1 718/721/1 712/720/1
f 713/722/1 717/723/1 718/721/1
f 714/724/1 717/723/1 713/722/1
f 714/724/1 716/725/1 717/723/1
f 715/726/1 716/725/1 714/724/1
f 740/727/1 768/728/1 739/729/1
f 768/728/1 767/730/1 739/729/1
f 768/728/1 766/731/1 767/730/1
f 768/728/1 765/732/1 766/731/1
f 768/728/1 764/733/1 765/732/1
f 768/728/1 763/734/1 764/733/1
f 768/728/1 762/735/1 763/734/1
f 768/728/1 761/736/1 762/735/1
f 768/728/1 760/737/1 761/736/1
f 768/728/1 769/738/1 760/737/1
f 769/738/1 759/739/1 760/737/1
f 740/727/1 794/740/1 768/728/1
f 770/741/1 759/739/1 769/738/1
f 771/742/1 759/739/1 770/741/1
f 772/743/1 759/739/1 771/742/1
f 772/743/1 758/744/1 759/739/1
f 773/745/1 758/744/1 772/743/1
f 774/746/1 758/744/1 773/745/1
f 775/747/1 758/744/1 774/746/1
f 775/747/1 757/748/1 758/744/1
f 776/749/1 757/748/1 775/747/1
f 777/750/1 757/748/1 776/749/1
f 778/751/1 757/748/1 777/750/1
f 778/751/1 756/752/1 757/748/1
f 779/753/1 756/752/1 778/751/1
f 780/754/1 756/752/1 779/753/1
f 780/754/1 755/755/1 756/752/1
f 781/756/1 755/755/1 780/754/1
f 782/757/1 755/755/1 781/756/1
f 782/757/1 754/758/1 755/755/1
f 783/759/1 754/758/1 782/757/1
f 783/759/1 753/760/1 754/758/1
f 784/761/1 753/760/1 783/759/1
f 785/762/1 753/760/1 784/761/1
f 785/762/1 752/763/1 753/760/1
f 786/764/1 752/763/1 785/762/1
f 787/765/1 752/763/1 786/764/1
f 787/765/1 751/766/1 752/763/1
f 788/767/1 751/766/1 787/765/1
f 789/768/1 751/766/1 788/767/1
f 790/769/1 751/766/1 789/768/1
f 791/770/1 751/766/1 790/769/1
f 791/770/1 750/771/1 751/766/1
f 792/772/1 750/771/1 791/770/1
f 793/773/1 750/771/1 792/772/1
f 740/727/1 742/774/1 794/740/1
f 742/774/1 793/773/1 794/740/1
f 742/774/1 750/771/1 793/773/1
f 742/774/1 749/775/1 750/771/1
f 742/774/1 748/776/1 749/775/1
f 742/774/1 747/777/1 748/776/1
f 742/774/1 746/778/1 747/777/1
f 742/774/1 745/779/1 746/778/1
f 742/774/1 744/780/1 745/779/1
f 742/774/1 743/781/1 744/780/1
f 740/727/1 741/782/1 742/774/1
f 825/783/1 823/784/1 824/785/1
f 825/783/1 822/786/1 823/784/1
f 798/787/1 796/788/1 797/789/1
f 798/787/1 795/790/1 796/788/1
f 826/791/1 822/786/1 825/783/1
f 826/791/1 821/792/1 822/786/1
f 826/791/1 820/793/1 821/792/1
f 827/794/1 820/793/1 826/791/1
f 827/794/1 819/795/1 820/793/1
f 799/796/1 795/790/1 798/787/1
f 827/794/1 818/797/1 819/795/1
f 800/798/1 795/790/1 799/796/1
f 828/799/1 818/797/1 827/794/1
f 828/799/1 817/800/1 818/797/1
f 801/801/1 795/790/1 800/798/1
f 802/802/1 795/790/1 801/801/1
f 828/799/1 816/803/1 817/800/1
f 829/804/1 816/803/1 828/799/1
f 803/805/1 795/790/1 802/802/1
f 829/804/1 815/806/1 816/803/1
f 804/807/1 849/808/1 803/805/1
f 849/808/1 795/790/1 803/805/1
f 829/804/1 814/809/1 815/806/1
f 805/810/1 849/808/1 804/807/1
f 829/804/1 813/811/1 814/809/1
f 806/812/1 849/808/1 805/810/1
f 830/813/1 813/811/1 829/804/1
f 807/814/1 849/808/1 806/812/1
f 830/813/1 812/815/1 813/811/1
f 808/816/1 849/808/1 807/814/1
f 830/813/1 811/817/1 812/815/1
f 809/818/1 849/808/1 808/816/1
f 830/813/1 810/819/1 811/817/1
f 810/819/1 849/808/1 809/818/1
f 830/813/1 849/808/1 810/819/1
f 830/813/1 848/820/1 849/808/1
f 850/821/1 795/790/1 849/808/1
f 831/822/1 848/820/1 830/813/1
f 831/822/1 847/823/1 848/820/1
f 831/822/1 846/824/1 847/823/1
f 832/825/1 846/824/1 831/822/1
f 832/825/1 845/826/1 846/824/1
f 833/827/1 845/826/1 832/825/1
f 833/827/1 844/828/1 845/826/1
f 833/827/1 843/829/1 844/828/1
f 834/830/1 843/829/1 833/827/1
f 834/830/1 842/831/1 843/829/1
f 834/830/1 841/832/1 842/831/1
f 835/833/1 841/832/1 834/830/1
f 835/833/1 840/834/1 841/832/1
f 836/835/1 840/834/1 835/833/1
f 836/835/1 839/836/1 840/834/1
f 836/835/1 838/837/1 839/836/1
f 837/838/1 838/837/1 836/835/1
f 864/839/1 862/840/1 863/841/1
f 864/839/1 861/842/1 862/840/1
f 865/843/1 861/842/1 864/839/1
f 865/843/1 860/844/1 861/842/1
f 865/843/1 859/845/1 860/844/1
f 866/846/1 859/845/1 865/843/1
f 866/846/1 858/847/1 859/845/1
f 866/846/1 857/848/1 858/847/1
f 867/849/1 857/848/1 866/846/1
f 867/849/1 856/850/1 857/848/1
f 867/849/1 855/851/1 856/850/1
f 868/852/1 855/851/1 867/849/1
f 868/852/1 854/853/1 855/851/1
f 868/852/1 853/854/1 854/853/1
f 869/855/1 853/854/1 868/852/1
f 869/855/1 852/856/1 853/854/1
f 869/855/1 851/857/1 852/856/1
f 870/858/1 851/857/1 869/855/1
f 870/858/1 976/859/1 851/857/1
f 976/859/1 977/860/1 851/857/1
f 977/860/1 978/861/1 851/857/1
f 978/861/1 979/862/1 851/857/1
f 979/862/1 980/863/1 851/857/1
f 980/863/1 981/864/1 851/857/1
f 981/864/1 982/865/1 851/857/1
f 982/865/1 983/866/1 851/857/1
f 983/866/1 984/867/1 851/857/1
f 871/868/1 974/869/1 870/858/1
f 974/869/1 975/870/1 870/858/1
f 975/870/1 976/859/1 870/858/1
f 872/871/1 973/872/1 871/868/1
f 973/872/1 974/869/1 871/868/1
f 873/873/1 971/874/1 872/871/1
f 971/874/1 972/875/1 872/871/1
f 972/875/1 973/872/1 872/871/1
f 873/873/1 970/876/1 971/874/1
f 873/873/1 969/877/1 970/876/1
f 873/873/1 968/878/1 969/877/1
f 873/873/1 967/879/1 968/878/1
f 873/873/1 966/880/1 967/879/1
f 874/881/1 966/880/1 873/873/1
f 874/881/1 965/882/1 966/880/1
f 874/881/1 964/883/1 965/882/1
f 874/881/1 963/884/1 964/883/1
f 874/881/1 962/885/1 963/884/1
f 875/886/1 962/885/1 874/881/1
f 875/886/1 961/887/1 962/885/1
f 875/886/1 960/888/1 961/887/1
f 875/886/1 959/889/1 960/888/1
f 876/890/1 959/889/1 875/886/1
f 876/890/1 958/891/1 959/889/1
f 876/890/1 957/892/1 958/891/1
f 876/890/1 956/893/1 957/892/1
f 876/890/1 955/894/1 956/893/1
f 876/890/1 954/895/1 955/894/1
f 877/896/1 954/895/1 876/890/1
f 877/896/1 953/897/1 954/895/1
f 877/896/1 952/898/1 953/897/1
f 877/896/1 951/899/1 952/898/1
f 878/900/1 951/899/1 877/896/1
f 878/900/1 950/901/1 951/899/1
f 878/900/1 949/902/1 950/901/1
f 878/900/1 948/903/1 949/902/1
f 879/904/1 948/903/1 878/900/1
f 879/904/1 947/905/1 948/903/1
f 880/906/1 947/905/1 879/904/1
f 880/906/1 946/907/1 947/905/1
f 880/906/1 945/908/1 946/907/1
f 881/909/1 945/908/1 880/906/1
f 881/909/1 944/910/1 945/908/1
f 882/911/1 944/910/1 881/909/1
f 882/911/1 943/912/1 944/910/1
f 882/911/1 942/913/1 943/912/1
f 883/914/1 942/913/1 882/911/1
f 883/914/1 941/915/1 942/913/1
f 884/916/1 941/915/1 883/914/1
f 884/916/1 940/917/1 941/915/1
f 884/916/1 939/918/1 940/917/1
f 885/919/1 939/918/1 884/916/1
f 885/919/1 938/920/1 939/918/1
f 886/921/1 938/920/1 885/919/1
f 886/921/1 937/922/1 938/920/1
f 887/923/1 937/922/1 886/921/1
f 887/923/1 936/924/1 937/922/1
f 912/925/1 910/926/1 911/927/1
f 887/923/1 935/928/1 936/924/1
f 888/929/1 935/928/1 887/923/1
f 912/925/1 909/930/1 910/926/1
f 889/931/1 935/928/1 888/929/1
f 912/925/1 908/932/1 909/930/1
f 890/933/1 935/928/1 889/931/1
f 890/933/1 934/934/1 935/928/1
f 912/925/1 907/935/1 908/932/1
f 891/936/1 934/934/1 890/933/1
f 912/925/1 906/937/1 907/935/1
f 892/938/1 934/934/1 891/936/1
f 912/925/1 905/939/1 906/937/1
f 893/940/1 934/934/1 892/938/1
f 893/940/1 933/941/1 934/934/1
f 912/925/1 904/942/1 905/939/1
f 894/943/1 933/941/1 893/940/1
f 895/944/1 933/941/1 894/943/1
f 912/925/1 903/945/1 904/942/1
f 896/946/1 933/941/1 895/944/1
f 912/925/1 902/947/1 903/945/1
f 897/948/1 933/941/1 896/946/1
f 912/925/1 901/949/1 902/947/1
f 898/950/1 933/941/1 897/948/1
f 912/925/1 900/951/1 901/949/1
f 899/952/1 933/941/1 898/950/1
f 912/925/1 899/952/1 900/951/1
f 899/952/1 932/953/1 933/941/1
f 912/925/1 932/953/1 899/952/1
f 912/925/1 931/954/1 932/953/1
f 912/925/1 930/955/1 931/954/1
f 913/956/1 930/955/1 912/925/1
f 913/956/1 929/957/1 930/955/1
f 914/958/1 929/957/1 913/956/1
f 915/959/1 929/957/1 914/958/1
f 915/959/1 928/960/1 929/957/1
f 916/961/1 928/960/1 915/959/1
f 917/962/1 928/960/1 916/961/1
f 917/962/1 927/963/1 928/960/1
f 918/964/1 927/963/1 917/962/1
f 918/964/1 926/965/1 927/963/1
f 919/966/1 926/965/1 918/964/1
f 920/967/1 926/965/1 919/966/1
f 920/967/1 925/968/1 926/965/1
f 921/969/1 925/968/1 920/967/1
f 922/970/1 925/968/1 921/969/1
f 922/970/1 924/971/1 925/968/1
f 923/972/1 924/971/1 922/970/1
f 987/973/1 985/974/1 986/975/1
f 987/973/1 1041/976/1 985/974/1
f 1029/977/1 1027/978/1 1028/979/1
f 1030/980/1 1027/978/1 1029/977/1
f 1030/980/1 1026/981/1 1027/978/1
f 1031/982/1 1026/981/1 1030/980/1
f 1032/983/1 1026/981/1 1031/982/1
f 1032/983/1 1025/984/1 1026/981/1
f 1033/985/1 1025/984/1 1032/983/1
f 1033/985/1 1024/986/1 1025/984/1
f 1034/987/1 1024/986/1 1033/985/1
f 1035/988/1 1024/986/1 1034/987/1
f 1035/988/1 1023/989/1 1024/986/1
f 1036/990/1 1023/989/1 1035/988/1
f 1037/991/1 1023/989/1 1036/990/1
f 1037/991/1 1022/992/1 1023/989/1
f 1038/993/1 1022/992/1 1037/991/1
f 1038/993/1 1021/994/1 1022/992/1
f 1039/995/1 1021/994/1 1038/993/1
f 1040/996/1 1021/994/1 1039/995/1
f 1040/996/1 1001/997/1 1021/994/1
f 1001/997/1 1020/998/1 1021/994/1
f 987/973/1 1040/996/1 1041/976/1
f 987/973/1 989/999/1 1040/996/1
f 989/999/1 990/1000/1 1040/996/1
f 990/1000/1 991/1001/1 1040/996/1
f 991/1001/1 992/1002/1 1040/996/1
f 992/1002/1 993/1003/1 1040/996/1
f 993/1003/1 994/1004/1 1040/996/1
f 994/1004/1 995/1005/1 1040/996/1
f 995/1005/1 996/1006/1 1040/996/1
f 996/1006/1 997/1007/1 1040/996/1
f 997/1007/1 998/1008/1 1040/996/1
f 998/1008/1 999/1009/1 1040/996/1
f 999/1009/1 1000/1010/1 1040/996/1
f 1000/1010/1 1001/997/1 1040/996/1
f 1002/1011/1 1020/998/1 1001/997/1
f 1003/1012/1 1020/998/1 1002/1011/1
f 1004/1013/1 1020/998/1 1003/1012/1
f 1005/1014/1 1020/998/1 1004/1013/1
f 1005/1014/1 1019/1015/1 1020/998/1
f 1006/1016/1 1019/1015/1 1005/1014/1
f 1007/1017/1 1019/1015/1 1006/1016/1
f 1008/1018/1 1019/1015/1 1007/1017/1
f 1008/1018/1 1018/1019/1 1019/1015/1
f 1009/1020/1 1018/1019/1 1008/1018/1
f 1010/1021/1 1018/1019/1 1009/1020/1
f 1010/1021/1 1017/1022/1 1018/1019/1
f 1011/1023/1 1017/1022/1 1010/1021/1
f 987/973/1 988/1024/1 989/999/1
f 1012/1025/1 1017/1022/1 1011/1023/1
f 1012/1025/1 1016/1026/1 1017/1022/1
f 1013/1027/1 1016/1026/1 1012/1025/1
f 1014/1028/1 1016/1026/1 1013/1027/1
f 1014/1028/1 1015/1029/1 1016/1026/1
f 1055/1030/1 1053/1031/1 1054/1032/1
f 1055/1030/1 1052/1033/1 1053/1031/1
f 1055/1030/1 1051/1034/1 1052/1033/1
f 1056/1035/1 1051/1034/1 1055/1030/1
f 1056/1035/1 1050/1036/1 1051/1034/1
f 1056/1035/1 1049/1037/1 1050/1036/1
f 1057/1038/1 1049/1037/1 1056/1035/1
f 1057/1038/1 1048/1039/1 1049/1037/1
f 1057/1038/1 1047/1040/1 1048/1039/1
f 1058/1041/1 1047/1040/1 1057/1038/1
f 1058/1041/1 1046/1042/1 1047/1040/1
f 1058/1041/1 1045/1043/1 1046/1042/1
f 1059/1044/1 1045/1043/1 1058/1041/1
f 1059/1044/1 1044/1045/1 1045/1043/1
f 1059/1044/1 1043/1046/1 1044/1045/1
f 1060/1047/1 1043/1046/1 1059/1044/1
f 1060/1047/1 1042/1048/1 1043/1046/1
f 1060/1047/1 1155/1049/1 1042/1048/1
f 1155/1049/1 1156/1050/1 1042/1048/1
f 1156/1050/1 1157/1051/1 1042/1048/1
f 1157/1051/1 1158/1052/1 1042/1048/1
f 1158/1052/1 1159/1053/1 1042/1048/1
f 1159/1053/1 1160/1054/1 1042/1048/1
f 1160/1054/1 1161/1055/1 1042/1048/1
f 1161/1055/1 1162/1056/1 1042/1048/1
f 1162/1056/1 1163/1057/1 1042/1048/1
f 1061/1058/1 1153/1059/1 1060/1047/1
f 1153/1059/1 1154/1060/1 1060/1047/1
f 1154/1060/1 1155/1049/1 1060/1047/1
f 1062/1061/1 1151/1062/1 1061/1058/1
f 1151/1062/1 1152/1063/1 1061/1058/1
f 1152/1063/1 1153/1059/1 1061/1058/1
f 1063/1064/1 1150/1065/1 1062/1061/1
f 1150/1065/1 1151/1062/1 1062/1061/1
f 1063/1064/1 1149/1066/1 1150/1065/1
f 1063/1064/1 1148/1067/1 1149/1066/1
f 1063/1064/1 1147/1068/1 1148/1067/1
f 1063/1064/1 1146/1069/1 1147/1068/1
f 1063/1064/1 1145/1070/1 1146/1069/1
f 1064/1071/1 1145/1070/1 1063/1064/1
f 1064/1071/1 1144/1072/1 1145/1070/1
f 1064/1071/1 1143/1073/1 1144/1072/1
f 1064/1071/1 1142/1074/1 1143/1073/1
f 1065/1075/1 1142/1074/1 1064/1071/1
f 1065/1075/1 1141/1076/1 1142/1074/1
f 1065/1075/1 1140/1077/1 1141/1076/1
f 1066/1078/1 1140/1077/1 1065/1075/1
f 1066/1078/1 1139/1079/1 1140/1077/1
f 1066/1078/1 1138/1080/1 1139/1079/1
f 1067/1081/1 1138/1080/1 1066/1078/1
f 1067/1081/1 1137/1082/1 1138/1080/1
f 1067/1081/1 1136/1083/1 1137/1082/1
f 1068/1084/1 1136/1083/1 1067/1081/1
f 1068/1084/1 1135/1085/1 1136/1083/1
f 1069/1086/1 1135/1085/1 1068/1084/1
f 1069/1086/1 1134/1087/1 1135/1085/1
f 1069/1086/1 1133/1088/1 1134/1087/1
f 1070/1089/1 1133/1088/1 1069/1086/1
f 1070/1089/1 1132/1090/1 1133/1088/1
f 1071/1091/1 1132/1090/1 1070/1089/1
f 1071/1091/1 1131/1092/1 1132/1090/1
f 1072/1093/1 1131/1092/1 1071/1091/1
f 1072/1093/1 1130/1094/1 1131/1092/1
f 1073/1095/1 1130/1094/1 1072/1093/1
f 1073/1095/1 1129/1096/1 1130/1094/1
f 1074/1097/1 1129/1096/1 1073/1095/1
f 1075/1098/1 1129/1096/1 1074/1097/1
f 1075/1098/1 1128/1099/1 1129/1096/1
f 1076/1100/1 1128/1099/1 1075/1098/1
f 1077/1101/1 1128/1099/1 1076/1100/1
f 1077/1101/1 1127/1102/1 1128/1099/1
f 1078/1103/1 1127/1102/1 1077/1101/1
f 1103/1104/1 1101/1105/1 1102/1106/1
f 1078/1103/1 1126/1107/1 1127/1102/1
f 1079/1108/1 1126/1107/1 1078/1103/1
f 1103/1104/1 1100/1109/1 1101/1105/1
f 1080/1110/1 1126/1107/1 1079/1108/1
f 1080/1110/1 1125/1111/1 1126/1107/1
f 1103/1104/1 1099/1112/1 1100/1109/1
f 1081/1113/1 1125/1111/1 1080/1110/1
f 1103/1104/1 1098/1114/1 1099/1112/1
f 1082/1115/1 1125/1111/1 1081/1113/1
f 1083/1116/1 1125/1111/1 1082/1115/1
f 1083/1116/1 1124/1117/1 1125/1111/1
f 1103/1104/1 1097/1118/1 1098/1114/1
f 1084/1119/1 1124/1117/1 1083/1116/1
f 1103/1104/1 1096/1120/1 1097/1118/1
f 1085/1121/1 1124/1117/1 1084/1119/1
f 1103/1104/1 1095/1122/1 1096/1120/1
f 1085/1121/1 1123/1123/1 1124/1117/1
f 1086/1124/1 1123/1123/1 1085/1121/1
f 1103/1104/1 1094/1125/1 1095/1122/1
f 1087/1126/1 1123/1123/1 1086/1124/1
f 1103/1104/1 1093/1127/1 1094/1125/1
f 1088/1128/1 1123/1123/1 1087/1126/1
f 1103/1104/1 1092/1129/1 1093/1127/1
f 1089/1130/1 1123/1123/1 1088/1128/1
f 1103/1104/1 1091/1131/1 1092/1129/1
f 1089/1130/1 1122/1132/1 1123/1123/1
f 1090/1133/1 1122/1132/1 1089/1130/1
f 1103/1104/1 1090/1133/1 1091/1131/1
f 1103/1104/1 1122/1132/1 1090/1133/1
f 1103/1104/1 1121/1134/1 1122/1132/1
f 1104/1135/1 1121/1134/1 1103/1104/1
f 1105/1136/1 1121/1134/1 1104/1135/1
f 1105/1136/1 1120/1137/1 1121/1134/1
f 1106/1138/1 1120/1137/1 1105/1136/1
f 1106/1138/1 1119/1139/1 1120/1137/1
f 1107/1140/1 1119/1139/1 1106/1138/1
f 1108/1141/1 1119/1139/1 1107/1140/1
f 1108/1141/1 1118/1142/1 1119/1139/1
f 1109/1143/1 1118/1142/1 1108/1141/1
f 1110/1144/1 1118/1142/1 1109/1143/1
f 1110/1144/1 1117/1145/1 1118/1142/1
f 1111/1146/1 1117/1145/1 1110/1144/1
f 1112/1147/1 1117/1145/1 1111/1146/1
f 1112/1147/1 1116/1148/1 1117/1145/1
f 1113/1149/1 1116/1148/1 1112/1147/1
f 1114/1150/1 1116/1148/1 1113/1149/1
f 1114/1150/1 1115/1151/1 1116/1148/1
f 1165/1152/1 1193/1153/1 1164/1154/1
f 1193/1153/1 1192/1155/1 1164/1154/1
f 1193/1153/1 1191/1156/1 1192/1155/1
f 1193/1153/1 1190/1157/1 1191/1156/1
f 1193/1153/1 1189/1158/1 1190/1157/1
f 1193/1153/1 1188/1159/1 1189/1158/1
f 1193/1153/1 1187/1160/1 1188/1159/1
f 1193/1153/1 1186/1161/1 1187/1160/1
f 1193/1153/1 1185/1162/1 1186/1161/1
f 1193/1153/1 1194/1163/1 1185/1162/1
f 1194/1163/1 1184/1164/1 1185/1162/1
f 1165/1152/1 1219/1165/1 1193/1153/1
f 1195/1166/1 1184/1164/1 1194/1163/1
f 1196/1167/1 1184/1164/1 1195/1166/1
f 1197/1168/1 1184/1164/1 1196/1167/1
f 1197/1168/1 1183/1169/1 1184/1164/1
f 1198/1170/1 1183/1169/1 1197/1168/1
f 1199/1171/1 1183/1169/1 1198/1170/1
f 1200/1172/1 1183/1169/1 1199/1171/1
f 1200/1172/1 1182/1173/1 1183/1169/1
f 1201/1174/1 1182/1173/1 1200/1172/1
f 1202/1175/1 1182/1173/1 1201/1174/1
f 1203/1176/1 1182/1173/1 1202/1175/1
f 1203/1176/1 1181/1177/1 1182/1173/1
f 1204/1178/1 1181/1177/1 1203/1176/1
f 1205/1179/1 1181/1177/1 1204/1178/1
f 1205/1179/1 1180/1180/1 1181/1177/1
f 1206/1181/1 1180/1180/1 1205/1179/1
f 1207/1182/1 1180/1180/1 1206/1181/1
f 1207/1182/1 1179/1183/1 1180/1180/1
f 1208/1184/1 1179/1183/1 1207/1182/1
f 1208/1184/1 1178/1185/1 1179/1183/1
f 1209/1186/1 1178/1185/1 1208/1184/1
f 1210/1187/1 1178/1185/1 1209/1186/1
f 1210/1187/1 1177/1188/1 1178/1185/1
f 1211/1189/1 1177/1188/1 1210/1187/1
f 1212/1190/1 1177/1188/1 1211/1189/1
f 1212/1190/1 1176/1191/1 1177/1188/1
f 1213/1192/1 1176/1191/1 1212/1190/1
f 1214/1193/1 1176/1191/1 1213/1192/1
f 1215/1194/1 1176/1191/1 1214/1193/1
f 1216/1195/1 1176/1191/1 1215/1194/1
f 1216/1195/1 1175/1196/1 1176/1191/1
f 1217/1197/1 1175/1196/1 1216/1195/1
f 1218/1198/1 1175/1196/1 1217/1197/1
f 1165/1152/1 1167/1199/1 1219/1165/1
f 1167/1199/1 1218/1198/1 1219/1165/1
f 1167/1199/1 1175/1196/1 1218/1198/1
f 1167/1199/1 1174/1200/1 1175/1196/1
f 1167/1199/1 1173/1201/1 1174/1200/1
f 1167/1199/1 1172/1202/1 1173/1201/1
f 1167/1199/1 1171/1203/1 1172/1202/1
f 1167/1199/1 1170/1204/1 1171/1203/1
f 1167/1199/1 1169/1205/1 1170/1204/1
f 1167/1199/1 1168/1206/1 1169/1205/1
f 1165/1152/1 1166/1207/1 1167/1199/1
f 1222/1208/1 1220/1209/1 1221/1210/1
f 1222/1208/1 1228/1211/1 1220/1209/1
f 1228/1211/1 1227/1212/1 1220/1209/1
f 1222/1208/1 1230/1213/1 1228/1211/1
f 1229/1214/1 1227/1212/1 1228/1211/1
f 1222/1208/1 1224/1215/1 1230/1213/1
f 1224/1215/1 1229/1214/1 1230/1213/1
f 1224/1215/1 1225/1216/1 1229/1214/1
f 1225/1216/1 1227/1212/1 1229/1214/1
f 1222/1208/1 1223/1217/1 1224/1215/1
f 1226/1218/1 1227/1212/1 1225/1216/1
f 1244/1219/1 1242/1220/1 1243/1221/1
f 1244/1219/1 1241/1222/1 1242/1220/1
f 1244/1219/1 1240/1223/1 1241/1222/1
f 1245/1224/1 1240/1223/1 1244/1219/1
f 1245/1224/1 1239/1225/1 1240/1223/1
f 1245/1224/1 1238/1226/1 1239/1225/1
f 1245/1224/1 1237/1227/1 1238/1226/1
f 1246/1228/1 1237/1227/1 1245/1224/1
f 1246/1228/1 1236/1229/1 1237/1227/1
f 1246/1228/1 1235/1230/1 1236/1229/1
f 1246/1228/1 1234/1231/1 1235/1230/1
f 1247/1232/1 1234/1231/1 1246/1228/1
f 1247/1232/1 1233/1233/1 1234/1231/1
f 1247/1232/1 1232/1234/1 1233/1233/1
f 1247/1232/1 1231/1235/1 1232/1234/1
f 1248/1236/1 1231/1235/1 1247/1232/1
f 1248/1236/1 1318/1237/1 1231/1235/1
f 1318/1237/1 1319/1238/1 1231/1235/1
f 1319/1238/1 1320/1239/1 1231/1235/1
f 1320/1239/1 1321/1240/1 1231/1235/1
f 1321/1240/1 1322/1241/1 1231/1235/1
f 1322/1241/1 1323/1242/1 1231/1235/1
f 1323/1242/1 1324/1243/1 1231/1235/1
f 1324/1243/1 1325/1244/1 1231/1235/1
f 1325/1244/1 1326/1245/1 1231/1235/1
f 1326/1245/1 1327/1246/1 1231/1235/1
f 1327/1246/1 1328/1247/1 1231/1235/1
f 1249/1248/1 1316/1249/1 1248/1236/1
f 1316/1249/1 1317/1250/1 1248/1236/1
f 1317/1250/1 1318/1237/1 1248/1236/1
f 1249/1248/1 1315/1251/1 1316/1249/1
f 1249/1248/1 1314/1252/1 1315/1251/1
f 1249/1248/1 1313/1253/1 1314/1252/1
f 1250/1254/1 1313/1253/1 1249/1248/1
f 1250/1254/1 1312/1255/1 1313/1253/1
f 1250/1254/1 1311/1256/1 1312/1255/1
f 1251/1257/1 1311/1256/1 1250/1254/1
f 1251/1257/1 1310/1258/1 1311/1256/1
f 1251/1257/1 1309/1259/1 1310/1258/1
f 1252/1260/1 1309/1259/1 1251/1257/1
f 1252/1260/1 1308/1261/1 1309/1259/1
f 1253/1262/1 1308/1261/1 1252/1260/1
f 1253/1262/1 1307/1263/1 1308/1261/1
f 1253/1262/1 1306/1264/1 1307/1263/1
f 1254/1265/1 1306/1264/1 1253/1262/1
f 1254/1265/1 1305/1266/1 1306/1264/1
f 1255/1267/1 1305/1266/1 1254/1265/1
f 1255/1267/1 1304/1268/1 1305/1266/1
f 1255/1267/1 1303/1269/1 1304/1268/1
f 1256/1270/1 1303/1269/1 1255/1267/1
f 1256/1270/1 1302/1271/1 1303/1269/1
f 1257/1272/1 1302/1271/1 1256/1270/1
f 1257/1272/1 1301/1273/1 1302/1271/1
f 1258/1274/1 1301/1273/1 1257/1272/1
f 1258/1274/1 1300/1275/1 1301/1273/1
f 1259/1276/1 1300/1275/1 1258/1274/1
f 1259/1276/1 1299/1277/1 1300/1275/1
f 1260/1278/1 1299/1277/1 1259/1276/1
f 1260/1278/1 1298/1279/1 1299/1277/1
f 1281/1280/1 1279/1281/1 1280/1282/1
f 1260/1278/1 1297/1283/1 1298/1279/1
f 1282/1284/1 1279/1281/1 1281/1280/1
f 1261/1285/1 1297/1283/1 1260/1278/1
f 1283/1286/1 1279/1281/1 1282/1284/1
f 1261/1285/1 1296/1287/1 1297/1283/1
f 1284/1288/1 1279/1281/1 1283/1286/1
f 1285/1289/1 1279/1281/1 1284/1288/1
f 1261/1285/1 1295/1290/1 1296/1287/1
f 1286/1291/1 1279/1281/1 1285/1289/1
f 1262/1292/1 1295/1290/1 1261/1285/1
f 1287/1293/1 1279/1281/1 1286/1291/1
f 1262/1292/1 1294/1294/1 1295/1290/1
f 1288/1295/1 1279/1281/1 1287/1293/1
f 1289/1296/1 1279/1281/1 1288/1295/1
f 1262/1292/1 1293/1297/1 1294/1294/1
f 1290/1298/1 1279/1281/1 1289/1296/1
f 1291/1299/1 1279/1281/1 1290/1298/1
f 1262/1292/1 1292/1300/1 1293/1297/1
f 1292/1300/1 1279/1281/1 1291/1299/1
f 1262/1292/1 1279/1281/1 1292/1300/1
f 1263/1301/1 1279/1281/1 1262/1292/1
f 1263/1301/1 1278/1302/1 1279/1281/1
f 1264/1303/1 1278/1302/1 1263/1301/1
f 1264/1303/1 1277/1304/1 1278/1302/1
f 1264/1303/1 1276/1305/1 1277/1304/1
f 1264/1303/1 1275/1306/1 1276/1305/1
f 1265/1307/1 1275/1306/1 1264/1303/1
f 1265/1307/1 1274/1308/1 1275/1306/1
f 1265/1307/1 1273/1309/1 1274/1308/1
f 1265/1307/1 1272/1310/1 1273/1309/1
f 1266/1311/1 1272/1310/1 1265/1307/1
f 1266/1311/1 1271/1312/1 1272/1310/1
f 1266/1311/1 1270/1313/1 1271/1312/1
f 1266/1311/1 1269/1314/1 1270/1313/1
f 1267/1315/1 1269/1314/1 1266/1311/1
f 1267/1315/1 1268/1316/1 1269/1314/1
f 3/1317/1 11/1318/1 2/1319/1
f 11/1318/1 1/1320/1 2/1319/1
f 11/1318/1 12/1321/1 1/1320/1
f 3/1317/1 10/1322/1 11/1318/1
f 3/1317/1 7/1323/1 10/1322/1
f 7/1323/1 9/1324/1 10/1322/1
f 7/1323/1 8/1325/1 9/1324/1
f 3/1317/1 6/1326/1 7/1323/1
f 3/1317/1 5/1327/1 6/1326/1
f 3/1317/1 4/1328/1 5/1327/1
